ID,名称,标签
1,肖申克的救赎,电影名称
2,霸王别姬,电影名称
3,阿甘正传,电影名称
4,这个杀手不太冷,电影名称
5,泰坦尼克号,电影名称
6,美丽人生,电影名称
7,千与千寻,电影名称
8,辛德勒的名单,电影名称
9,盗梦空间,电影名称
10,忠犬八公的故事,电影名称
11,星际穿越,电影名称
12,楚门的世界,电影名称
13,海上钢琴师,电影名称
14,三傻大闹宝莱坞,电影名称
15,机器人总动员,电影名称
16,放牛班的春天,电影名称
17,大话西游之大圣娶亲,电影名称
18,疯狂动物城,电影名称
19,无间道,电影名称
20,熔炉,电影名称
21,教父,电影名称
22,当幸福来敲门,电影名称
23,龙猫,电影名称
24,怦然心动,电影名称
25,控方证人,电影名称
26,触不可及,电影名称
27,蝙蝠侠：黑暗骑士,电影名称
28,末代皇帝,电影名称
29,寻梦环游记,电影名称
30,活着,电影名称
31,何以为家,电影名称
32,乱世佳人,电影名称
33,哈利·波特与魔法石,电影名称
34,指环王3：王者无敌,电影名称
35,摔跤吧！爸爸,电影名称
36,飞屋环游记,电影名称
37,素媛,电影名称
38,少年派的奇幻漂流,电影名称
39,十二怒汉,电影名称
40,哈尔的移动城堡,电影名称
41,鬼子来了,电影名称
42,大话西游之月光宝盒,电影名称
43,天空之城,电影名称
44,我不是药神,电影名称
45,罗马假日,电影名称
46,闻香识女人,电影名称
47,辩护人,电影名称
48,天堂电影院,电影名称
49,猫鼠游戏,电影名称
50,大闹天宫,电影名称
51,钢琴家,电影名称
52,搏击俱乐部,电影名称
53,教父2,电影名称
54,狮子王,电影名称
55,指环王2：双塔奇兵,电影名称
56,死亡诗社,电影名称
57,黑客帝国,电影名称
58,指环王1：魔戒再现,电影名称
59,绿皮书,电影名称
60,让子弹飞,电影名称
61,饮食男女,电影名称
62,美丽心灵,电影名称
63,窃听风暴,电影名称
64,两杆大烟枪,电影名称
65,海蒂和爷爷,电影名称
66,本杰明·巴顿奇事,电影名称
67,看不见的客人,电影名称
68,飞越疯人院,电影名称
69,西西里的美丽传说,电影名称
70,穿条纹睡衣的男孩,电影名称
71,拯救大兵瑞恩,电影名称
72,小鞋子,电影名称
73,音乐之声,电影名称
74,情书,电影名称
75,海豚湾,电影名称
76,美国往事,电影名称
77,阿凡达,电影名称
78,致命魔术,电影名称
79,沉默的羔羊,电影名称
80,禁闭岛,电影名称
81,低俗小说,电影名称
82,蝴蝶效应,电影名称
83,心灵捕手,电影名称
84,布达佩斯大饭店,电影名称
85,七宗罪,电影名称
86,春光乍泄,电影名称
87,哈利·波特与死亡圣器(下),电影名称
88,摩登时代,电影名称
89,被嫌弃的松子的一生,电影名称
90,喜剧之王,电影名称
91,致命ID,电影名称
92,杀人回忆,电影名称
93,剪刀手爱德华,电影名称
94,加勒比海盗,电影名称
95,勇敢的心,电影名称
96,狩猎,电影名称
97,请以你的名字呼唤我,电影名称
98,天使爱美丽,电影名称
99,断背山,电影名称
100,红辣椒,电影名称
101,7号房的礼物,电影名称
102,幽灵公主,电影名称
103,小森林,电影名称
104,第六感,电影名称
105,阳光灿烂的日子,电影名称
106,重庆森林,电影名称
107,唐伯虎点秋香,电影名称
108,超脱,电影名称
109,功夫,电影名称
110,爱在黎明破晓前,电影名称
111,小森林,电影名称
112,入殓师,电影名称
113,一一,电影名称
114,蝙蝠侠：黑暗骑士崛起,电影名称
115,消失的爱人,电影名称
116,菊次郎的夏天,电影名称
117,人生果实,电影名称
118,侧耳倾听,电影名称
119,无人知晓,电影名称
120,超能陆战队,电影名称
121,倩女幽魂,电影名称
122,甜蜜蜜,电影名称
123,借东西的小人阿莉埃蒂,电影名称
124,萤火之森,电影名称
125,哈利·波特与阿兹卡班的囚徒,电影名称
126,完美的世界,电影名称
127,爱在日落黄昏时,电影名称
128,驯龙高手,电影名称
129,玛丽和马克思,电影名称
130,幸福终点站,电影名称
131,告白,电影名称
132,大鱼,电影名称
133,阳光姐妹淘,电影名称
134,射雕英雄传之东成西就,电影名称
135,天书奇谭,电影名称
136,恐怖直播,电影名称
137,怪兽电力公司,电影名称
138,哈利·波特与密室,电影名称
139,神偷奶爸,电影名称
140,玩具总动员3,电影名称
141,时空恋旅人,电影名称
142,傲慢与偏见,电影名称
143,教父3,电影名称
144,釜山行,电影名称
145,血战钢锯岭,电影名称
146,哪吒闹海,电影名称
147,一个叫欧维的男人决定去死,电影名称
148,被解救的姜戈,电影名称
149,七武士,电影名称
150,喜宴,电影名称
151,电锯惊魂,电影名称
152,我是山姆,电影名称
153,头号玩家,电影名称
154,风之谷,电影名称
155,英雄本色,电影名称
156,上帝之城,电影名称
157,未麻的部屋,电影名称
158,疯狂原始人,电影名称
159,谍影重重3,电影名称
160,卢旺达饭店,电影名称
161,纵横四海,电影名称
162,三块广告牌,电影名称
163,花样年华,电影名称
164,岁月神偷,电影名称
165,达拉斯买家俱乐部,电影名称
166,模仿游戏,电影名称
167,黑客帝国3：矩阵革命,电影名称
168,新世界,电影名称
169,心迷宫,电影名称
170,头脑特工队,电影名称
171,记忆碎片,电影名称
172,忠犬八公物语,电影名称
173,你的名字。,电影名称
174,荒蛮故事,电影名称
175,真爱至上,电影名称
176,爆裂鼓手,电影名称
177,贫民窟的百万富翁,电影名称
178,海街日记,电影名称
179,东邪西毒,电影名称
180,萤火虫之墓,电影名称
181,惊魂记,电影名称
182,黑天鹅,电影名称
183,寄生虫,电影名称
184,无敌破坏王,电影名称
185,你看起来好像很好吃,电影名称
186,冰川时代,电影名称
187,小偷家族,电影名称
188,哈利·波特与火焰杯,电影名称
189,绿里奇迹,电影名称
190,雨人,电影名称
191,爱在午夜降临前,电影名称
192,恋恋笔记本,电影名称
193,疯狂的石头,电影名称
194,九品芝麻官,电影名称
195,恐怖游轮,电影名称
196,奇迹男孩,电影名称
197,雨中曲,电影名称
198,魔女宅急便,电影名称
199,二十二,电影名称
200,海边的曼彻斯特,电影名称
201,虎口脱险,电影名称
202,人工智能,电影名称
203,房间,电影名称
204,2001太空漫游,电影名称
205,色，戒,电影名称
206,城市之光,电影名称
207,可可西里,电影名称
208,罗生门,电影名称
209,终结者2：审判日,电影名称
210,初恋这件小事,电影名称
211,波西米亚狂想曲,电影名称
212,大佛普拉斯,电影名称
213,魂断蓝桥,电影名称
214,遗愿清单,电影名称
215,牯岭街少年杀人事件,电影名称
216,源代码,电影名称
217,新龙门客栈,电影名称
218,青蛇,电影名称
219,无耻混蛋,电影名称
220,疯狂的麦克斯4：狂暴之路,电影名称
221,燃情岁月,电影名称
222,血钻,电影名称
223,海洋,电影名称
224,步履不停,电影名称
225,穿越时空的少女,电影名称
226,谍影重重2,电影名称
227,彗星来的那一夜,电影名称
228,阿飞正传,电影名称
229,完美陌生人,电影名称
230,战争之王,电影名称
231,地球上的星星,电影名称
232,东京教父,电影名称
233,谍影重重,电影名称
234,香水,电影名称
235,无间道2,电影名称
236,千钧一发,电影名称
237,东京物语,电影名称
238,黑客帝国2：重装上阵,电影名称
239,驴得水,电影名称
240,朗读者,电影名称
241,崖上的波妞,电影名称
242,再次出发之纽约遇见你,电影名称
243,我爱你,电影名称
244,猜火车,电影名称
245,聚焦,电影名称
246,浪潮,电影名称
247,小萝莉的猴神大叔,电影名称
248,追随,电影名称
249,网络谜踪,电影名称
250,黑鹰坠落,电影名称
251,迈克·内威尔,导演
252,马基德·马基迪,导演
253,克里斯·雷纳德,导演
254,朴勋政,导演
255,皮埃尔·柯芬,导演
256,彼得·杰克逊,导演
257,托尼·凯耶,导演
258,朗·霍华德,导演
259,弗朗西斯·福特·科波拉,导演
260,马丁·布莱斯特,导演
261,乔治·米勒,导演
262,阿德里安·莫利纳,导演
263,吕克·贝松,导演
264,韦斯·安德森,导演
265,雅克·克鲁奥德,导演
266,克里斯托弗·史密斯,导演
267,詹姆斯·沃德·布柯特,导演
268,卡洛斯·沙尔丹哈,导演
269,丹尼斯·甘塞尔,导演
270,杨宇硕,导演
271,盖·里奇,导演
272,卢卡·瓜达尼诺,导演
273,周申,导演
274,李力持,导演
275,李·昂克里奇,导演
276,郭柯,导演
277,杰拉德·布什,导演
278,娜丁·拉巴基,导演
279,拉斯·霍尔斯道姆,导演
280,温子仁,导演
281,乔·赖特,导演
282,布莱恩·辛格,导演
283,詹姆斯·曼高德,导演
284,理查德·柯蒂斯,导演
285,雷德利·斯科特,导演
286,陈可辛,导演
287,森淳一,导演
288,鲍勃·彼德森,导演
289,是枝裕和,导演
290,克里斯·韦奇,导演
291,爱德华·兹威克,导演
292,克里斯·哥伦布,导演
293,达伦·阿伦诺夫斯基,导演
294,赛尔乔·莱昂内,导演
295,克林特·伊斯特伍德,导演
296,杰茜·尼尔森,导演
297,史蒂文·斯皮尔伯格,导演
298,道格·里曼,导演
299,托马斯·温特伯格,导演
300,乔纳森·戴米,导演
301,程小东,导演
302,达米安·斯兹弗隆,导演
303,马克·赫尔曼,导演
304,万籁鸣,导演
305,吴宇森,导演
306,小津安二郎,导演
307,J·麦基·格鲁伯,导演
308,加布里埃莱·穆奇诺,导演
309,彼特·道格特,导演
310,姜炯哲,导演
311,李安,导演
312,刘镇伟,导演
313,姜文,导演
314,山姆·伍德,导演
315,钱运达,导演
316,奉俊昊,导演
317,罗启锐,导演
318,高畑勋,导演
319,路易·西霍尤斯,导演
320,王家卫,导演
321,罗伯特·怀斯,导演
322,查理·卓别林,导演
323,卡迪亚·兰德,导演
324,马丁·斯科塞斯,导演
325,约翰·卡尼,导演
326,延尚昊,导演
327,彼得·威尔,导演
328,阿方索·卡隆,导演
329,细田守,导演
330,雅克·贝汉,导演
331,王晶,导演
332,徐克,导演
333,刘露,导演
334,邓肯·琼斯,导演
335,华森·波克彭,导演
336,神山征二郎,导演
337,蒂姆·波顿,导演
338,李濬益,导演
339,亚当·艾略特,导演
340,茂文·勒鲁瓦,导演
341,罗曼·波兰斯基,导演
342,大森贵弘,导演
343,阿尼什·查甘蒂,导演
344,罗伯·莱纳,导演
345,秋昌旼,导演
346,理查德·林克莱特,导演
347,斯坦利·多南,导演
348,戈尔·维宾斯基,导演
349,阿米尔·汗,导演
350,克里斯托夫·巴拉蒂,导演
351,拜伦·霍华德,导演
352,丹尼·博伊尔,导演
353,涅提·蒂瓦里,导演
354,宫崎骏,导演
355,贝纳尔多·贝托鲁奇,导演
356,洛芙琳·坦丹,导演
357,朱塞佩·托纳多雷,导演
358,今敏,导演
359,达米恩·查泽雷,导演
360,格斯·范·桑特,导演
361,特瑞·乔治,导演
362,卡比尔·汗,导演
363,新海诚,导演
364,唐·霍尔,导演
365,汉内斯·赫尔姆,导演
366,黑泽明,导演
367,米洛斯·福尔曼,导演
368,藤森雅也,导演
369,克里斯托弗·诺兰,导演
370,威廉·惠勒,导演
371,徐景达,导演
372,陈凯歌,导演
373,柯克·德·米科,导演
374,文牧野,导演
375,北野武,导演
376,岩井俊二,导演
377,埃里克·布雷斯,导演
378,米林宏昌,导演
379,汤姆·提克威,导演
380,热拉尔·乌里,导演
381,詹姆斯·卡梅隆,导演
382,大卫·西尔弗曼,导演
383,吉恩·凯利,导演
384,奥利维埃·纳卡什,导演
385,拉娜·沃卓斯基,导演
386,乔治·库克,导演
387,莫滕·泰杜姆,导演
388,普特鹏·普罗萨卡·那·萨克那卡林,导演
389,M·奈特·沙马兰,导演
390,中岛哲也,导演
391,大卫·叶茨,导演
392,梅尔·吉布森,导演
393,巴瑞·莱文森,导演
394,刘伟强,导演
395,陆川,导演
396,让-皮埃尔·热内,导演
397,伏原健之,导演
398,宁浩,导演
399,李惠民,导演
400,克里斯·桑德斯,导演
401,周星驰,导演
402,迪恩·德布洛斯,导演
403,昆汀·塔伦蒂诺,导演
404,肯尼思·洛纳根,导演
405,莉莉·沃卓斯基,导演
406,弗兰克·德拉邦特,导演
407,忻钰坤,导演
408,罗伯特·泽米吉斯,导演
409,伦尼·阿伯拉罕森,导演
410,严定宪,导演
411,史蒂芬·戴德利,导演
412,近藤喜文,导演
413,拉吉库马尔·希拉尼,导演
414,汤姆·麦卡锡,导演
415,安德鲁·斯坦顿,导演
416,阿兰·葛斯彭纳,导演
417,让-马克·瓦雷,导演
418,埃里克·托莱达诺,导演
419,保罗·格林格拉斯,导演
420,维克多·弗莱明,导演
421,彼得·法雷里,导演
422,张艺谋,导演
423,罗伯托·贝尼尼,导演
424,李焕庆,导演
425,马丁·麦克唐纳,导演
426,瑞奇·摩尔,导演
427,麦兆辉,导演
428,费尔南多·梅里尔斯,导演
429,黄信尧,导演
430,杨德昌,导演
431,斯蒂芬·卓博斯基,导演
432,金秉祐,导演
433,弗洛里安·亨克尔·冯·多纳斯马尔克,导演
434,西德尼·吕美特,导演
435,奥里奥尔·保罗,导演
436,罗纳尔多·德尔·卡门,导演
437,比利·怀德,导演
438,大卫·芬奇,导演
439,尼克·卡萨维蒂,导演
440,安德鲁·尼科尔,导演
441,泷田洋二郎,导演
442,斯坦利·库布里克,导演
443,阿尔弗雷德·希区柯克,导演
444,保罗·杰诺维塞,导演
445,黄东赫,导演
446,克里斯·威廉姆斯,导演
447,唐澄,导演
448,罗杰·阿勒斯,导演
449,罗伯·明可夫,导演
450,王树忱,导演
451,斯嘉丽·约翰逊,演员
452,弗兰克·哈格尼,演员
453,乔伊·安沙,演员
454,钟绍图,演员
455,奥克塔维亚·斯宾瑟,演员
456,约瑟夫·李,演员
457,科迪·霍恩,演员
458,斯科特·克拉斯,演员
459,阿什顿·库彻,演员
460,奥玛·希,演员
461,阿曼达·沃伦,演员
462,尼尔·哈夫,演员
463,苏珊·索洛米,演员
464,蒂姆·艾伦,演员
465,切奇·马林,演员
466,杰米·肯尼迪,演员
467,克拉克·格雷格,演员
468,托比·琼斯,演员
469,特拉沃·摩根,演员
470,欧仁·贝蒂埃,演员
471,南希·杜普拉,演员
472,哥德昂·布克哈德,演员
473,FredDatigJr.,演员
474,VictoriaPrice,演员
475,布莱特·罗尔,演员
476,WinifredHarris,演员
477,伊莎贝尔·卢卡斯,演员
478,TolgaSafer,演员
479,阿努潘·凯尔,演员
480,维克多·阿尔菲,演员
481,克里斯·奥唐纳,演员
482,约翰·沃德斯塔德,演员
483,热拉尔·朱尼奥,演员
484,玛丽亚娜·希尔,演员
485,严智星,演员
486,大卫·布里斯宾,演员
487,艺秀晶,演员
488,廖凡,演员
489,秦沛,演员
490,柳好贞,演员
491,木村飞影,演员
492,威廉·斯米利,演员
493,StuartMcGugan,演员
494,霍纳斯·斯蒂克洛瑞斯,演员
495,乔什·帕斯,演员
496,罗伯特·比提,演员
497,李来,演员
498,崔镇浩,演员
499,MichaelIlliff,演员
500,阿蜜拉·卡萨,演员
501,小川虎之助,演员
502,艾塞尔·格里菲斯,演员
503,山本圭,演员
504,约瑟夫·斯科拉,演员
505,亨利·劳埃德-休斯,演员
506,菲利佩·哈根森,演员
507,马特·麦科姆,演员
508,米切尔·拉,演员
509,西戈德·拉普,演员
510,巴特弗莱·麦昆,演员
511,马克斯·班内特,演员
512,林子聪,演员
513,斯蒂芬·布吉格沃特,演员
514,田中庆太,演员
515,陶山章央,演员
516,米歇尔·拉夫,演员
517,拉米·马雷克,演员
518,陈希圣,演员
519,蒂格尔·F·伯格里,演员
520,艾德·戴维斯,演员
521,克里斯托弗·李,演员
522,安德丽·帕里西,演员
523,茹塔·李,演员
524,藤原釜足,演员
525,达伦·奥曼迪,演员
526,贾米·埃曼,演员
527,董立范,演员
528,吉娜薇·欧瑞丽,演员
529,王涛,演员
530,春川真澄,演员
531,莫尼克·加布里埃拉·库尔内,演员
532,兰斯·霍华德,演员
533,蜜西·雅格,演员
534,汤姆·威尔金森,演员
535,李凯莉,演员
536,足立智充,演员
537,奥斯卡·波尔克,演员
538,布丽吉特·佛西,演员
539,兰·卡琉,演员
540,小艾德.朱普,演员
541,E.G.马绍尔,演员
542,克雷格·帕克,演员
543,杰弗里·怀特,演员
544,乔纳森·普雷斯,演员
545,塞尔日·梅兰,演员
546,劳伦·马赫,演员
547,陈述,演员
548,詹姆斯·A·伍兹,演员
549,横泽启子,演员
550,HaymonMariaButtinger,演员
551,金民尚,演员
552,加利·艾尔维斯,演员
553,安东尼·布兰登·黄,演员
554,伊德里斯·艾尔巴,演员
555,斯蒂夫·巴什托尼,演员
556,王学圻,演员
557,JasonBuckle,演员
558,朱江,演员
559,竹口安芸子,演员
560,塔拉吉·P·汉森,演员
561,大塚明夫,演员
562,艾米·斯马特,演员
563,JonathanHarding,演员
564,瓦尼·布拉马蒂,演员
565,拉瑞恩·纽曼,演员
566,丹·华盛顿,演员
567,藤原启治,演员
568,永山瑛太,演员
569,JimmyAubrey,演员
570,纪录片,演员
571,BarryDowden,演员
572,埃迪·安德森,演员
573,拉利塔·拉伊米,演员
574,瑞秋·麦克亚当斯,演员
575,加贺麻理子,演员
576,中谷美纪,演员
577,山田裕贵,演员
578,糸博,演员
579,沃尔特·多纳多,演员
580,杰德·布罗菲,演员
581,罗格·洛伊德-派克,演员
582,内森·琼斯,演员
583,王迅,演员
584,关户优希,演员
585,RobertWinley,演员
586,董志华,演员
587,塔诺·希玛罗萨,演员
588,诺尔·古格雷米,演员
589,鲁伯特·弗兰德,演员
590,迈克尔·克兰茨,演员
591,米莎·巴顿,演员
592,布赖恩·戴拉特,演员
593,阿什·马赫什·舍德卡,演员
594,凯尔·布瑞特科夫,演员
595,利兰·奥瑟,演员
596,布鲁克琳·普劳克斯,演员
597,黄汉琪,演员
598,申贤宗,演员
599,竹下明子,演员
600,大卫·沃纳,演员
601,冈本绫,演员
602,松田洋治,演员
603,约翰尼·德普,演员
604,ShepHoughton,演员
605,迈克尔·基顿,演员
606,韩彦博,演员
607,仲里依纱,演员
608,山野井仁,演员
609,克莱·卡伦,演员
610,普特鹏·普罗萨卡·那·萨克那卡林,演员
611,松隆子,演员
612,陈慧琳,演员
613,唐纳德·奥康纳,演员
614,拉杰什·沙玛,演员
615,千石规子,演员
616,三浦友和,演员
617,金·寇兹,演员
618,吉田理保子,演员
619,达拉斯·罗伯特斯,演员
620,丹·汉纳,演员
621,盖·格林威,演员
622,爱德华·勒桑,演员
623,弗朗索瓦·克鲁塞,演员
624,黛博拉·梅辛,演员
625,威尔·萨姆森,演员
626,马修·刘易斯,演员
627,米拉·麦金尼,演员
628,麻生智久,演员
629,沈成宝,演员
630,苏西·沃德,演员
631,阮德锵,演员
632,余娅,演员
633,罗伯特·韦伯,演员
634,程玉珠,演员
635,大卫·斯特雷泽恩,演员
636,布鲁诺·柯比,演员
637,迈克尔·刚本,演员
638,杰奎琳·埃沃拉,演员
639,崔宇植,演员
640,弗利,演员
641,尹治,演员
642,串田和美,演员
643,约翰·赵,演员
644,迪诺·法赞尼,演员
645,罗家英,演员
646,大卫·韦瑟莱,演员
647,科琳娜·哈弗奇,演员
648,赵海龙,演员
649,乔·阿拉斯奇,演员
650,唐娜·派洛尼,演员
651,塞巴斯蒂安·科赫,演员
652,川村万梨阿,演员
653,伊安·霍姆,演员
654,黛比·雷诺斯,演员
655,宫崎晋永,演员
656,梅莉莎·班诺伊,演员
657,李·尼古拉斯·哈里斯,演员
658,刘玥辰,演员
659,沙克希·坦沃,演员
660,渡边谦,演员
661,哈里·伦尼克斯,演员
662,陈国坤,演员
663,刘易斯·布莱克,演员
664,瑞恩·雷诺兹,演员
665,尾形一成,演员
666,米歇尔·邓肯,演员
667,格洛丽亚·福斯特,演员
668,凯西·贝茨,演员
669,尚卡尔·萨查德夫,演员
670,弗朗索瓦·贝莱昂,演员
671,DougDeMaster,演员
672,凯瑟琳·弗里曼,演员
673,宇野晃司,演员
674,阿娜·瓦格纳,演员
675,奥利维娅·德哈维兰,演员
676,路易丝·勒莫瓦纳·托雷斯,演员
677,乔纳森·奇塔姆,演员
678,中川雅也,演员
679,河正宇,演员
680,卢克·布雷西,演员
681,林鸿铭,演员
682,米凯·麦高万,演员
683,丹尼尔·切尔奎拉,演员
684,泽索特·萨法尔·科夫卡,演员
685,乔·罗·格里普,演员
686,吉行和子,演员
687,凯瑞·康顿,演员
688,王彤川,演员
689,内斯特·卡博内尔,演员
690,米哈利·绍鲍多什,演员
691,任世官,演员
692,DilvaHenry,演员
693,HarrisonRessler,演员
694,马珂,演员
695,雷蒙德·S·佩尔西,演员
696,瑞内·菲利斯·史密斯,演员
697,J·C·纽金特,演员
698,秋元羊介,演员
699,塔莉娅·夏尔,演员
700,亚历桑德拉·鲍尔斯,演员
701,克拉克·杜克,演员
702,朴努植,演员
703,比尔·奈伊,演员
704,克里斯·马歇尔,演员
705,麦凯尔泰·威廉逊,演员
706,伊恩·哈特,演员
707,阿达·尼科德莫,演员
708,克里斯·库珀,演员
709,比吉特·米尼希迈尔,演员
710,查尔斯·安德烈,演员
711,马格努斯·诺兰,演员
712,朱丽·沃特斯,演员
713,德克斯特·弗莱彻,演员
714,佩雷·布拉索,演员
715,苏格拉底·奥图,演员
716,卡卢姆·吉廷斯,演员
717,成田凌,演员
718,克里斯蒂安·库尔森,演员
719,艾米·亚当斯,演员
720,安东内拉·阿蒂利,演员
721,艾莉森·福兰德,演员
722,温斯顿·丘吉尔,演员
723,瑞切尔·格里菲斯,演员
724,乔恩·科林·巴克利,演员
725,朱莉·克里斯蒂,演员
726,帕特丽夏·伦茨,演员
727,罗姗娜·阿奎特,演员
728,森今日子,演员
729,亨利·托马斯,演员
730,柳承龙,演员
731,约翰·帕特里克·阿梅多利,演员
732,马内尔·杜维索,演员
733,厄尔·卡梅伦,演员
734,利亚姆·海姆斯沃斯,演员
735,里奥.G.卡罗尔,演员
736,智一桐,演员
737,保罗·吉尔福伊尔,演员
738,乔·斯皮内尔,演员
739,丽娜·维特,演员
740,杰克·布塞,演员
741,GeorgeHolmes,演员
742,克里斯托弗·尼姆,演员
743,布莱尔·安德伍德,演员
744,路易丝·弗莱彻,演员
745,卡拉帕西托,演员
746,布莱丹·格里森,演员
747,霍华德·肖,演员
748,马库斯·亨德森,演员
749,乔纳森·萨加尔,演员
750,拉斯·兰特,演员
751,我修院达也,演员
752,格雷斯·卡尔德,演员
753,乔治·沃斯科维奇,演员
754,C·J·威尔逊,演员
755,唐·斯达克,演员
756,凯瑟琳·麦克马克,演员
757,珍妮·莱恩斯福德,演员
758,肖聪,演员
759,约翰·克立斯,演员
760,尼格尔·本内特,演员
761,巴拉特·巴蒂,演员
762,马里奥·毛瑞尔,演员
763,马东锡,演员
764,张曼玉,演员
765,石田卓也,演员
766,艾瑞克·阿瓦利,演员
767,岩男润子,演员
768,辛贝·沃克,演员
769,HaroldHoward,演员
770,CyrilThornton,演员
771,默多克·麦夸里,演员
772,艾萨·丹尼埃利,演员
773,姜素拉,演员
774,唐宁,演员
775,居伊·格罗索,演员
776,篠原胜之,演员
777,LucyLiemann,演员
778,杰瑞米·艾恩斯,演员
779,朱莉娅·奥蒙德,演员
780,格温达·迪肯,演员
781,阿卜杜勒·萨拉姆·埃尔·拉扎克,演员
782,游安顺,演员
783,甄子丹,演员
784,考乐姆·吉斯·雷尼,演员
785,吉亚尼·罗素,演员
786,徐克,演员
787,萨米·斯坦,演员
788,史蒂夫·麦基,演员
789,薇诺娜·瑞德,演员
790,德罗斯·V·史密斯,演员
791,米拉·库尼斯,演员
792,MadgeBlake,演员
793,苗圃,演员
794,弗吉尼亚·菲尔德,演员
795,约翰·贝德福德·劳埃德,演员
796,廖启智,演员
797,罗伯特·卡莱尔,演员
798,兰迪·汤姆,演员
799,莱奥波多·特里耶斯泰,演员
800,彼得·多纳特,演员
801,MarstonFobbs,演员
802,李政宰,演员
803,成龙,演员
804,刘钦,演员
805,诺亚·尤佩,演员
806,约翰·德·兰西,演员
807,齐藤昌,演员
808,迈克尔·科布,演员
809,ZuzanaMonroe,演员
810,沈熙燮,演员
811,李·科布,演员
812,本·金斯利,演员
813,奥米·瓦依达,演员
814,埃琳娜·布奇,演员
815,泰勒·格鲁秀斯,演员
816,琳达·卡德里尼,演员
817,金秀安,演员
818,马赫什·曼杰瑞卡,演员
819,阿非莫·奥米拉,演员
820,宁静,演员
821,阿兰娜·乌巴赫,演员
822,葛优,演员
823,马克·林赛·查普曼,演员
824,亚历桑德雷·罗德里格斯,演员
825,凯文·G·施密特,演员
826,艾米莉·莫迪默,演员
827,高乃丽,演员
828,吉奥瓦尼·瑞比西,演员
829,翟巍,演员
830,珍·哈露,演员
831,杰梅奈·克莱门特,演员
832,安娜·勒尼,演员
833,索·豪黑,演员
834,罗宾·怀特,演员
835,利亚姆·麦克尼尔,演员
836,利昂娜·罗伯特,演员
837,约丹诺斯·希费罗,演员
838,艾丽·道克特,演员
839,邵兵,演员
840,酒井敏也,演员
841,克里斯蒂安·贝尔,演员
842,岛崎雪子,演员
843,黛安·克鲁格,演员
844,凯莉·库恩,演员
845,里佐·弗雷多里佐,演员
846,贾康熙,演员
847,尼诺·戴罗佐,演员
848,理查德·文彻,演员
849,纳撒尼尔·利斯,演员
850,玛丽·爱丽丝,演员
851,休·基斯-拜恩,演员
852,詹姆斯·瑞马尔,演员
853,鲁伯特·雷德,演员
854,马里奥·卡萨斯,演员
855,金时厚,演员
856,克里斯·斯科特,演员
857,马修·古迪,演员
858,迈克尔·杰特,演员
859,KenDeVaul,演员
860,简·林奇,演员
861,内芙·加切夫,演员
862,赫伯特·埃文斯,演员
863,陈百祥,演员
864,丹尼尔·伯哈特,演员
865,尼克·格里姆肖,演员
866,李梓,演员
867,布鲁斯·菲利普斯,演员
868,阿尔弗雷德·伊诺奇,演员
869,津贺有子,演员
870,PhilFeldman,演员
871,LisaBrinegar,演员
872,千秋实,演员
873,钱耀荣,演员
874,莱安德鲁·菲尔米诺,演员
875,池松壮亮,演员
876,麦亚瑟,演员
877,吉莉安·艾尔-卡迪,演员
878,柯特伍德·史密斯,演员
879,威廉·达尔,演员
880,茶风林,演员
881,本井英美,演员
882,商店一野,演员
883,罗茜·本杰明,演员
884,安东尼·爱德华兹,演员
885,桐岛加恋,演员
886,萨比恩·克洛森,演员
887,安德烈·达芒,演员
888,细川典江,演员
889,托宾·贝尔,演员
890,理查德·海顿,演员
891,岩田光央,演员
892,汤姆·霍兰德,演员
893,詹森·艾萨克,演员
894,劳伦斯·马克奥雷,演员
895,肖恩·奥布赖恩,演员
896,莫文蔚,演员
897,平泉成,演员
898,西井幸人,演员
899,铃木兰兰,演员
900,堀秀行,演员
901,弗吉尼亚·切瑞尔,演员
902,瓦妮莎·罗斯,演员
903,唐纳德·富利洛夫,演员
904,俊·奈托,演员
905,原亚弥,演员
906,BeatriceGray,演员
907,GilbertoIdonea,演员
908,诺娜·加耶,演员
909,格雷格·比姆,演员
910,约翰·阿普雷亚,演员
911,保罗·罗梅罗,演员
912,张天民,演员
913,摩根·莉莉,演员
914,詹妮特·戈德斯坦恩,演员
915,马克斯·冯·叙多夫,演员
916,汉斯-尤韦·鲍尔,演员
917,乔·洛·特鲁格里奥,演员
918,托比亚斯·阿姆博瑞,演员
919,卡尔·厄本,演员
920,JarlBenzon,演员
921,赵敏基,演员
922,卡米·金·肯伦,演员
923,片平渚,演员
924,乔治·里弗斯,演员
925,CharlesMcNaughton,演员
926,麦肯吉·弗依,演员
927,徐淑媛,演员
928,王瑞,演员
929,杰森·弗莱明,演员
930,克里斯·埃里斯,演员
931,大卫·休里斯,演员
932,格拉姆·柯里,演员
933,史蒂夫·卡瑞尔,演员
934,彼得·斯皮尔斯,演员
935,克莱尔·吉尔蕾,演员
936,乔西·查尔斯,演员
937,LisaSummerour,演员
938,马克·里朗斯,演员
939,布雷特·麦肯齐,演员
940,卡塔琳娜·舒特勒,演员
941,HayatoSakurai,演员
942,罗伯托·西特兰,演员
943,凯特林·迪亚斯,演员
944,安东尼·埃斯特拉,演员
945,保罗·斯隆,演员
946,GaetanoAronica,演员
947,约翰·利思戈,演员
948,富润生,演员
949,丽莉·吉欧,演员
950,乔丹·朗德,演员
951,玛丽安妮·穆勒雷尔,演员
952,奥斯汀·斯托维尔,演员
953,蔡少芬,演员
954,帕科·图斯,演员
955,大卫·吉亚西,演员
956,拉丝·弗格斯托姆,演员
957,莉莲·肯布尔-库珀,演员
958,丁仲,演员
959,本木雅弘,演员
960,沙拉·鲁宾,演员
961,关口雄介,演员
962,亨利·丹尼尔,演员
963,吉娜·诺维勒,演员
964,奥斯马·努涅斯,演员
965,赖梵耘,演员
966,尼古拉·迪·平托,演员
967,前田旺志郎,演员
968,安藤绿,演员
969,赵一穗,演员
970,曾心怡,演员
971,李仙湖,演员
972,今村鼠,演员
973,海利·安妮·内尔森,演员
974,刘兆铭,演员
975,罗宾·巴特利特,演员
976,约瑟夫·德拉·索尔特,演员
977,稻叶义男,演员
978,韦斯·斯塔迪,演员
979,家弓家正,演员
980,瓦伦蒂娜·卡迪纳利,演员
981,于尔根·福格尔,演员
982,格利高里·戴顿,演员
983,约翰·威廉姆斯,演员
984,尼克·莫兰,演员
985,玛莉亚·奥内托,演员
986,阿什丽·艾德纳,演员
987,威廉·雷德菲尔德,演员
988,仲代达矢,演员
989,袁满,演员
990,吉米·帕伦博,演员
991,斯特林·海登,演员
992,佐伊·索尔达娜,演员
993,戈尔·维达尔,演员
994,克劳迪奥·布鲁克,演员
995,鲍比·冈萨雷斯,演员
996,许在浩,演员
997,维吉尼亚·格雷格,演员
998,艾德·奥尼尔,演员
999,布兰卡·阿拉切利,演员
1000,克里斯托弗·斯塔普勒顿,演员
1001,夏洛特·斯凯奇,演员
1002,亨利·方达,演员
1003,泰莉莎·帕尔墨,演员
1004,金周灵,演员
1005,米歇尔·罗德里格兹,演员
1006,安·吉利斯,演员
1007,PietroNotarianni,演员
1008,泰特·多诺万,演员
1009,塞尔吉奥·托拉多,演员
1010,雅克·博杜因,演员
1011,菲奥娜·贝尔,演员
1012,苏达拉·布查蓬,演员
1013,玛丽娅·玛努尔,演员
1014,弗雷德里克·科芬,演员
1015,何塞·科罗纳多,演员
1016,牛犇,演员
1017,雷格·E·凯蒂,演员
1018,林凡,演员
1019,伊利亚·伍德,演员
1020,雨笠利幸,演员
1021,吉米·弗林,演员
1022,埃里·瓦拉赫,演员
1023,本·汉森,演员
1024,理查德·卡斯特尔诺,演员
1025,阿莫里·巴博尔,演员
1026,米米·萨奇席恩,演员
1027,梁赫群,演员
1028,鲁本·兰登,演员
1029,奥利弗·费尔普斯,演员
1030,雅尼卡·桑普蕾舞,演员
1031,基兰·哈德卡斯托,演员
1032,霍尔姆斯·奥斯本,演员
1033,安藤樱,演员
1034,西蒙·德兰尼,演员
1035,雷·罗马诺,演员
1036,孙成灿,演员
1037,安德鲁·林肯,演员
1038,玛格里·梅森,演员
1039,弗朗西丝卡·德·萨维奥,演员
1040,阿尤什·坦东,演员
1041,莫妮卡·贝鲁奇,演员
1042,詹姆斯·加纳,演员
1043,达格拉斯·福雷,演员
1044,查尔斯·劳顿,演员
1045,丛志军,演员
1046,石川界人,演员
1047,汤唯,演员
1048,欧文·威尔逊,演员
1049,纳瓦祖丁·席迪圭,演员
1050,路易·纳托,演员
1051,马达范,演员
1052,艾米丽·拉塔科斯基,演员
1053,玛娅·鲁道夫,演员
1054,黑泽明日香,演员
1055,罗伯特·温克勒,演员
1056,雷吉·奥斯汀,演员
1057,理查德·格拉翰,演员
1058,戴文·穆雷,演员
1059,玛丽·杜布瓦,演员
1060,克里斯托弗·沃肯,演员
1061,哈利韦尔·霍布斯,演员
1062,卡拉·霍根,演员
1063,达斯汀·霍夫曼,演员
1064,东山千荣子,演员
1065,凯伦·皮特曼,演员
1066,张良斌,演员
1067,冈元夕纪子,演员
1068,李春,演员
1069,陈凯歌,演员
1070,斯蒂芬·富勒,演员
1071,藤原薰,演员
1072,里奇蒙德·阿奎特,演员
1073,凡妮莎·柯比,演员
1074,詹姆斯·沃特斯顿,演员
1075,马克·马戈利斯,演员
1076,志村知幸,演员
1077,李连义,演员
1078,艾玛·汤普森,演员
1079,罗彼·考特拉尼,演员
1080,武藤寿美,演员
1081,雷婕熙,演员
1082,马特·温斯顿,演员
1083,弗兰西丝·康罗伊,演员
1084,奥索利亚·茱莉娅·帕普,演员
1085,德里克·李,演员
1086,阿尔梅尔,演员
1087,奥莉维亚·威廉姆斯,演员
1088,大卫·斯特恩,演员
1089,维克多·加博,演员
1090,艾琳·戈洛瓦娅,演员
1091,三户耕三,演员
1092,托马·索利韦尔,演员
1093,杜满生,演员
1094,塔彭丝·米德尔顿,演员
1095,凯文·苏斯曼,演员
1096,史蒂芬·威丁顿,演员
1097,述平,演员
1098,爱德华多·莱奥,演员
1099,本杰明·米派德,演员
1100,M·K·拉伊纳,演员
1101,罗伊·阿布拉姆森,演员
1102,王琄,演员
1103,莫里斯·贝尼舒,演员
1104,张柏芝,演员
1105,王肖兵,演员
1106,PeterPalmer,演员
1107,肖恩·布里吉格斯,演员
1108,马野都留子,演员
1109,黄经汉,演员
1110,乔纳森·泰勒·托马斯,演员
1111,约翰·梅根纳,演员
1112,皮特·波斯尔思韦特,演员
1113,清水美恵,演员
1114,朱莉·德尔佩,演员
1115,埃里克·罗兰,演员
1116,北浦爱,演员
1117,玛格丽特·罗林斯,演员
1118,托玛斯·博·拉森,演员
1119,法拉赫阿米尔·哈什米安,演员
1120,罗文娜·金,演员
1121,迪利普·劳,演员
1122,理查德·哈里斯,演员
1123,黄圣依,演员
1124,李璟荣,演员
1125,约翰·诺兰,演员
1126,吉里什·库卡尼,演员
1127,约翰·加文,演员
1128,刘德华,演员
1129,约翰·特拉沃尔塔,演员
1130,罗德里戈·桑托罗,演员
1131,马特·纳夫莱,演员
1132,小林薰,演员
1133,彼得·洛迈尔,演员
1134,SamKelly,演员
1135,安德鲁·斯坦顿,演员
1136,托妮·科莱特,演员
1137,杰森·莱恩斯,演员
1138,戴维·瑟斯比,演员
1139,马修·布罗德里克,演员
1140,古谷彻,演员
1141,杰曼·翰苏,演员
1142,詹姆斯·伍兹,演员
1143,马克·伊瓦涅,演员
1144,萨姆·沃辛顿,演员
1145,瑞恩·波特,演员
1146,罗宾·奈文,演员
1147,林美秀,演员
1148,葛素媛,演员
1149,詹姆斯·克伦威尔,演员
1150,BrianCopeland,演员
1151,杨静怡,演员
1152,亚历克斯·崔贝克,演员
1153,黛比·特纳,演员
1154,温妮·孔,演员
1155,丹尼·弗拉,演员
1156,左时枝,演员
1157,乌玛·瑟曼,演员
1158,罗布·许贝尔,演员
1159,张维,演员
1160,沙拉万提·塞纳特,演员
1161,格雷戈里·加迪诺尔,演员
1162,ElizabethDennehy,演员
1163,郑元中,演员
1164,巩俐,演员
1165,KathyDombo,演员
1166,马特·杰拉德,演员
1167,雪莉·亨德森,演员
1168,迪米特里·格里特萨斯,演员
1169,细井治,演员
1170,弗莱德·克莱恩,演员
1171,木村佳乃,演员
1172,达里奥·格兰迪内蒂,演员
1173,埃德蒙·莫蒂默,演员
1174,苏千越,演员
1175,弗里德里克·贝希特,演员
1176,吉特·卡森,演员
1177,徐锦江,演员
1178,ClaraReid,演员
1179,桑贾伊·达迪克,演员
1180,柏原崇,演员
1181,詹姆斯·C·莫顿,演员
1182,布鲁斯·麦克金伦,演员
1183,西村朋纮,演员
1184,吴兴国,演员
1185,郑宇彤,演员
1186,朗·霍华德,演员
1187,约翰·雷吉扎莫,演员
1188,李太力,演员
1189,金伯利·坎贝尔,演员
1190,小佩德罗·阿门达里斯,演员
1191,小林桂树,演员
1192,莱昂纳多·迪卡普里奥,演员
1193,麦肯兹·韦加,演员
1194,西妮德·马修斯,演员
1195,阿尔·伯恩,演员
1196,玛汀·麦古基安,演员
1197,拉腊·弗林·鲍尔,演员
1198,金海仁,演员
1199,加藤武,演员
1200,伊莱亚斯·科泰斯,演员
1201,PhyllisBarry,演员
1202,石丸博也,演员
1203,铃森勘司,演员
1204,艾尔·哈林顿,演员
1205,蕾雅·赛杜,演员
1206,杜奕衡,演员
1207,克雷格·凯利,演员
1208,妲露拉·莱莉,演员
1209,曹如晶,演员
1210,凯瑞·穆里根,演员
1211,克里斯托弗·瓦尔兹,演员
1212,安部春香,演员
1213,詹森·舒瓦兹曼,演员
1214,格温妮斯·帕特洛,演员
1215,比阿特丽斯·帕姆,演员
1216,艾文·布莱纳,演员
1217,汉斯-乔基姆·默比斯,演员
1218,弗兰科·梅斯科利尼,演员
1219,蒂莫西·柴勒梅德,演员
1220,石仓三郎,演员
1221,田口昂,演员
1222,亚当·兰伯特,演员
1223,RiadGalayini,演员
1224,王峰,演员
1225,法尔德斯·巴姆,演员
1226,汤米·利斯特,演员
1227,归亚蕾,演员
1228,乔纳·希尔,演员
1229,马蒂亚斯·勃兰特,演员
1230,LowdenAdams,演员
1231,辛纳克·勋纳曼,演员
1232,海塔·塞德拉·伊扎姆,演员
1233,阿诺·施瓦辛格,演员
1234,格劳瑞亚·斯图尔特,演员
1235,苇青,演员
1236,弗朗西斯·古佐,演员
1237,罗非洛·迪格托勒,演员
1238,路易斯·瓦尔德斯,演员
1239,拜伦·明斯,演员
1240,马克斯·马蒂尼,演员
1241,佩特·史密斯,演员
1242,凯文·科斯特纳,演员
1243,米勒德·米切尔,演员
1244,克里斯托弗·加廷,演员
1245,派翠西娅·克拉克森,演员
1246,白冰,演员
1247,DariushMokhtari,演员
1248,斯图尔特·马修斯,演员
1249,斯科特·迈克尔·坎贝尔,演员
1250,大力,演员
1251,沈恩京,演员
1252,乔希·达拉斯,演员
1253,汉斯·魏因加特纳,演员
1254,铃木玲子,演员
1255,摩甘娜金,演员
1256,查理·卓别林,演员
1257,柴田理惠,演员
1258,刘玉玲,演员
1259,林原惠美,演员
1260,陈熙琼,演员
1261,李乃文,演员
1262,木村功,演员
1263,史蒂文·布里尔,演员
1264,本·怀特,演员
1265,皮普·托伦斯,演员
1266,张素妍,演员
1267,理查德·弗让吉,演员
1268,吉娜·托瑞斯,演员
1269,黎祥荣,演员
1270,平松晶子,演员
1271,波特·杨,演员
1272,高瑞熙,演员
1273,陈伟,演员
1274,BettyAllen,演员
1275,汤姆·克鲁斯,演员
1276,艾伦·格里尼,演员
1277,江守彻,演员
1278,吉娜·马隆,演员
1279,苏茜·爱米斯,演员
1280,爱德华·诺顿,演员
1281,汤姆·塞兹摩尔,演员
1282,唐·里克斯,演员
1283,海伦·艾比罗克,演员
1284,山姆·洛巴兹,演员
1285,东野英治郎,演员
1286,塞缪尔·洛德·布莱克,演员
1287,大卫·哈雷伍德,演员
1288,玛丽埃塔·耶米,演员
1289,酒井美纪,演员
1290,江原由希子,演员
1291,埃德·贝格利,演员
1292,托马斯·阿诺德,演员
1293,康斯坦丁·格雷戈里,演员
1294,克里斯托弗·洛伊德,演员
1295,斯科特·安德森,演员
1296,皮特·沃恩,演员
1297,伊桑·桑德勒,演员
1298,迈克尔·加·怀特,演员
1299,乔·潘托里亚诺,演员
1300,古泽彻,演员
1301,弗兰克·赛格,演员
1302,玛蒂娜·乌尔塔多,演员
1303,文森特·卡索,演员
1304,拉蒙·普霍尔,演员
1305,程晓桦,演员
1306,中村大树,演员
1307,李思捷,演员
1308,南香织,演员
1309,安波米德,演员
1310,陈昭荣,演员
1311,保志总一朗,演员
1312,艾丽卡·里瓦斯,演员
1313,丹尼斯·克里斯托弗,演员
1314,马妮·尼克松,演员
1315,玛丽娜·朱迪切,演员
1316,卢·帕尔特,演员
1317,特德·曼森,演员
1318,杰基·厄尔·哈利,演员
1319,穆瓦科·卡姆布卡,演员
1320,康查塔·费雷尔,演员
1321,斯蒂芬·亨德森,演员
1322,肖恩·里德,演员
1323,蒂姆·罗宾斯,演员
1324,乔纳森·伊万斯-琼斯,演员
1325,丹尼尔·特鲁希特,演员
1326,马库斯·赫林,演员
1327,沃尔特·拉萨利,演员
1328,佛罗伦斯·李,演员
1329,吴大维,演员
1330,约翰·贝西,演员
1331,丽芙·泰勒,演员
1332,罗温·维特,演员
1333,梅田凡乃,演员
1334,蕾妮·盖耶,演员
1335,卡斯·安瓦尔,演员
1336,文森特·阿德里安,演员
1337,马修·阿马立克,演员
1338,艾丽莎·奈特,演员
1339,SarahMcLeod,演员
1340,斯科特·格伦,演员
1341,桐本拓哉,演员
1342,夏奇拉,演员
1343,凯拉·奈特莉,演员
1344,张慧珍,演员
1345,朴孝新,演员
1346,娜塔莎·麦克艾霍恩,演员
1347,杨真诚,演员
1348,宫下荣治,演员
1349,安德鲁·哈维尔,演员
1350,塔里克·洛维,演员
1351,杰克·麦克布瑞尔,演员
1352,尼可莱塔·布拉斯基,演员
1353,达拉,演员
1354,多米尼克·查尼斯,演员
1355,夏帆,演员
1356,休·B·赫鲁伯,演员
1357,迪伦·库斯曼,演员
1358,童弟,演员
1359,亚里安妮·拉贝德,演员
1360,托尔斯滕·米凯利斯,演员
1361,安原义人,演员
1362,卡门·阿尔根齐亚诺,演员
1363,坦普·皮戈特,演员
1364,陈妤,演员
1365,塔玛拉·布朗,演员
1366,朱诺·坦普尔,演员
1367,凯瑟琳·基纳,演员
1368,罗兰,演员
1369,艾力克斯·伯恩斯,演员
1370,罗伯塔·蕾娜,演员
1371,切斯特·康克林,演员
1372,维克托·乔里,演员
1373,DanChase,演员
1374,希瑟·伯恩斯,演员
1375,兰道尔·爱德华,演员
1376,曹雷,演员
1377,尼尔·帕特里克·哈里斯,演员
1378,格里芬·邓恩,演员
1379,张赫镇,演员
1380,玛吉·史密斯,演员
1381,瑞恩·赫斯特,演员
1382,志村乔,演员
1383,法纳·莫科纳,演员
1384,亨利·热内斯,演员
1385,霍卫民,演员
1386,艾德里安·布洛迪,演员
1387,理查德·麦克格纳格尔,演员
1388,迈克尔-杰斯,演员
1389,汤姆·达尔格伦,演员
1390,波希娅·纳尔逊,演员
1391,田中秀幸,演员
1392,金秉玉,演员
1393,鲁迪·邦德,演员
1394,伊莎贝尔·南蒂,演员
1395,寺岛进,演员
1396,马特·多兰,演员
1397,尚楠,演员
1398,丹·弗雷登堡,演员
1399,詹妮弗·迪弗朗西斯科,演员
1400,布莱恩·普林格,演员
1401,彼得·迈尔斯,演员
1402,艾尔莎·瑞雯,演员
1403,艾丽西亚·奥奇瑟,演员
1404,理查德·希夫,演员
1405,凯瑟琳·斯戴曼,演员
1406,理查德·卡特,演员
1407,内森·甘宝,演员
1408,内森·菲利安,演员
1409,刘风,演员
1410,爱波·塔布琳,演员
1411,约翰·威廉·高尔特,演员
1412,邹兆龙,演员
1413,杰森·贝瑞,演员
1414,蔡卫东,演员
1415,斯图尔特·霍姆斯,演员
1416,凯尔·赫伯特,演员
1417,吉姆·诺顿,演员
1418,BetteArlen,演员
1419,巴哈丽·西迪奇,演员
1420,柄本明,演员
1421,马克西米利安·福尔马尔,演员
1422,埃琳诺·帕克,演员
1423,威廉希路,演员
1424,布莱恩·豪威,演员
1425,黛博拉·奥夫纳,演员
1426,丹尼·爱罗,演员
1427,KevinFernandes,演员
1428,宇津井健,演员
1429,王渝文,演员
1430,坂本千夏,演员
1431,埃里卡·麦克德莫特,演员
1432,维尼·琼斯,演员
1433,苏哈妮·巴特纳格尔,演员
1434,多罗西·吉金斯,演员
1435,奥斯汀·潘德尔顿,演员
1436,莫妮卡·波特,演员
1437,宫路佳具,演员
1438,朴真宇,演员
1439,卢伦·塔特尔,演员
1440,杰拉尔丁·辛格,演员
1441,斯蒂菲·格罗特,演员
1442,马丁·鲍尔萨姆,演员
1443,刘承睦,演员
1444,上条恒彦,演员
1445,安德里亚·迪·斯戴法诺,演员
1446,张少怀,演员
1447,辛·劳洛,演员
1448,RobertFoulk,演员
1449,亚美莉卡·费雷拉,演员
1450,保罗·考尔德伦,演员
1451,安格斯·桑普森,演员
1452,凯特琳·帕西托,演员
1453,赵志凌,演员
1454,大泉洋,演员
1455,史蒂芬·柯林斯,演员
1456,胡庆汉,演员
1457,吉姆·克洛克,演员
1458,爱德华德·弗莱彻,演员
1459,斯坦利·图齐,演员
1460,卡尔洛斯德林克沃特,演员
1461,西恩·奥斯汀,演员
1462,莫特·米尔斯,演员
1463,伯特史蒂文斯,演员
1464,维尔纳·德恩,演员
1465,伊莎贝尔·罗斯,演员
1466,王侃,演员
1467,凯特·温丝莱特,演员
1468,赫尔穆特·贝格,演员
1469,优恵,演员
1470,爱德华·宾斯,演员
1471,布莱德利·惠特福德,演员
1472,周润发,演员
1473,王传君,演员
1474,约翰·格雷厄姆·斯佩西,演员
1475,ChristianAnkowitsch,演员
1476,理查德·亚历山大,演员
1477,莉迪亚·威尔逊,演员
1478,金海淑,演员
1479,安娜·巴瑞辛尼科夫,演员
1480,埃文·哈特,演员
1481,马绍尔·贝尔,演员
1482,严崇德,演员
1483,原田大二郎,演员
1484,达纳·盖尔,演员
1485,市川实日子,演员
1486,考特尼·伊顿,演员
1487,内特·托伦斯,演员
1488,孙佳君,演员
1489,弗洛拉·诺兰,演员
1490,兼子二郎,演员
1491,马尔戈萨·格贝尔,演员
1492,卢顿·万恩怀特三世,演员
1493,詹姆斯·华莱士,演员
1494,TeresaTirelli,演员
1495,田启文,演员
1496,兰尼·蒙大拿,演员
1497,弗兰塞斯克·奥雷利亚,演员
1498,大卫·朱莱安,演员
1499,伊夫林·凯耶斯,演员
1500,卢金城,演员
1501,安德烈·瑟韦林,演员
1502,杨成纯,演员
1503,麦斯·米科尔森,演员
1504,艾尔西·费舍尔,演员
1505,迪克·布拉德塞尔,演员
1506,本·卫肖,演员
1507,吴倩莲,演员
1508,杰克·尼科尔森,演员
1509,玛丽·布奈尔,演员
1510,谭卓,演员
1511,佐久间玲,演员
1512,龚蓓苾,演员
1513,盖尔·加西亚·贝纳尔,演员
1514,LucasHayward,演员
1515,劳拉·邓恩,演员
1516,史蒂夫·格里芬,演员
1517,泉谷茂,演员
1518,阿德里安·雷梅特,演员
1519,斯特里奥·萨万特,演员
1520,迈克尔·V·格佐,演员
1521,塞斯·盖贝尔,演员
1522,梅洛拉·沃尔特斯,演员
1523,帕特·弗莱厄蒂,演员
1524,金大明,演员
1525,多米尼克·博夫,演员
1526,谷中敦,演员
1527,芮妮·布莱恩,演员
1528,迈克尔·贝里曼,演员
1529,凯特·布兰切特,演员
1530,JackBagley,演员
1531,凯文·迈克尔·理查德森,演员
1532,罗伯·莫洛,演员
1533,胡枫,演员
1534,亚历克斯·霍,演员
1535,玛丽·佩里,演员
1536,约翰兰德,演员
1537,今敏,演员
1538,亚当·卡罗拉,演员
1539,杰克·托马斯,演员
1540,弗兰西斯·麦克多蒙德,演员
1541,帕特里克·克劳利,演员
1542,吴淑昆,演员
1543,菲奥娜·黑尔,演员
1544,克里斯蒂娜·皮克勒斯,演员
1545,塔索斯·史蒂文斯,演员
1546,佩吉·伍德,演员
1547,凯莉·唐纳利,演员
1548,克劳迪奥·埃尔梅利,演员
1549,寺崎裕香,演员
1550,FlorineMcKinney,演员
1551,迈克·拉里,演员
1552,维拉·法米加,演员
1553,李静,演员
1554,厄尼·萨贝拉,演员
1555,张一白,演员
1556,贝丝·弗劳尔斯,演员
1557,派屈克·福吉特,演员
1558,威廉·博恩凯塞尔,演员
1559,BobbyHale,演员
1560,迈克尔·西里尔·克赖顿,演员
1561,田口智朗,演员
1562,维斯瓦夫·科马萨,演员
1563,莱拉·肯泽尔,演员
1564,左卜全,演员
1565,米兰达·卡斯格拉夫,演员
1566,珍妮特·利,演员
1567,苏珊·波尔法,演员
1568,威尔·史密斯,演员
1569,角野卓造,演员
1570,弗洛拉·吉耶,演员
1571,凯文·库尼,演员
1572,吉尔·巴罗尼,演员
1573,阿曼达·皮特,演员
1574,鳕子,演员
1575,丹尼斯·邓,演员
1576,阿格妮丝·那诺,演员
1577,JørnBenzon,演员
1578,多丽丝·劳埃德,演员
1579,叶玉卿,演员
1580,肯尼思·布拉纳,演员
1581,多多良纯,演员
1582,沃维克·戴维斯,演员
1583,汤姆·休斯,演员
1584,普拉蒂玛·库尔卡尼,演员
1585,瑞贝卡·詹姆斯,演员
1586,澳澜·琼斯,演员
1587,杰森·斯坦森,演员
1588,莎拉·海伊,演员
1589,丹尼尔·里希特,演员
1590,马修·罗伯特·凯利,演员
1591,阿里·利伯特,演员
1592,安东尼奥·普雷斯特,演员
1593,彼得·曼斯布里奇,演员
1594,宁浩,演员
1595,拉什达·琼斯,演员
1596,迈克尔·博萨,演员
1597,弗里德里希·冯·图恩,演员
1598,SteveClaydon,演员
1599,风间勇刀,演员
1600,马克·威廉姆斯,演员
1601,考特尼·劳伦·卡明斯,演员
1602,艾达·泰,演员
1603,曹西安,演员
1604,托马斯·列农,演员
1605,阿努克·斯特芬,演员
1606,简·詹金斯,演员
1607,罗伯特·奥利维里,演员
1608,柳乐优弥,演员
1609,彼得·雅各布,演员
1610,卜冠今,演员
1611,贝琳达·麦克洛里,演员
1612,余文乐,演员
1613,一井直树,演员
1614,马克·史密斯,演员
1615,巴里·佩珀,演员
1616,薇薇·卡登尼,演员
1617,马尔顿·索克斯,演员
1618,克齐斯茨托夫·拉夫特,演员
1619,理查德·班克斯,演员
1620,HarryCody,演员
1621,梅垣义明,演员
1622,利亚姆·图伊,演员
1623,井手博士,演员
1624,兰德尔·杜克·金,演员
1625,加布里埃尔·D·安吉尔,演员
1626,莱尔德·曼辛托斯,演员
1627,罗杰·里斯,演员
1628,冈本玉二,演员
1629,约翰·赫特,演员
1630,大卫·丹曼,演员
1631,汤姆·麦卡穆斯,演员
1632,刘家辉,演员
1633,索菲亚·科波拉,演员
1634,吉恩·坎菲尔德,演员
1635,田丰,演员
1636,室井滋,演员
1637,罗温·艾金森,演员
1638,罗伯托·贝尼尼,演员
1639,G·D·斯普拉德林,演员
1640,苏拉·沙玛,演员
1641,谭瓒强,演员
1642,本·哈迪,演员
1643,金素真,演员
1644,哈考特·威廉姆斯,演员
1645,土师孝也,演员
1646,阿赛娜·拉海尔·灿加里,演员
1647,列维·施瑞博尔,演员
1648,汤屋敦子,演员
1649,大卫·戈尔兹,演员
1650,杰克·凯斯,演员
1651,丹尼·高德林,演员
1652,肖恩·比格斯代夫,演员
1653,肖恩·宾,演员
1654,陈坤,演员
1655,克里·约翰逊,演员
1656,朱莉·格雷格,演员
1657,霍华德·C·希克曼,演员
1658,泽利科·伊万内克,演员
1659,帕丽斯·冯·戴克,演员
1660,兰斯洛特·佩林,演员
1661,米歇尔·罗班,演员
1662,渡边笃,演员
1663,埃德加·拉米雷兹,演员
1664,塞巴斯蒂安·斯坦,演员
1665,尹秀晶,演员
1666,石野真子,演员
1667,艾普尔·格雷斯,演员
1668,松本梨香,演员
1669,拉詹德拉纳斯·祖特施,演员
1670,莫苏西·麦格诺,演员
1671,丸山裕子,演员
1672,伯纳德·怀特,演员
1673,庹宗华,演员
1674,原田芳雄,演员
1675,毕崔斯·罗森,演员
1676,劳拉·霍普·克鲁斯,演员
1677,吉里贾·奥克,演员
1678,T·J·劳瑟,演员
1679,艾伦·阿金,演员
1680,EleanorStewart,演员
1681,阿部宽,演员
1682,大卫·基尔德,演员
1683,布莱恩·拉肯,演员
1684,阿尔·帕西诺,演员
1685,克萝丽丝·利奇曼,演员
1686,格雷戈里·库克,演员
1687,托弗·戈瑞斯,演员
1688,保罗·赫斯特,演员
1689,安东尼·曼加诺,演员
1690,霍斯特·布赫霍尔茨,演员
1691,阿曼达·普拉莫,演员
1692,塞伦·希德,演员
1693,释彦能,演员
1694,戴布思·格里尔,演员
1695,大卫·维格,演员
1696,保罗·雷瑟,演员
1697,卡拉·海沃德,演员
1698,萨布丽娜·格德维奇,演员
1699,中岛春雄,演员
1700,阿伦·克雷格,演员
1701,马修·麦康纳,演员
1702,唐娜·杜普兰提尔,演员
1703,埃里克·斯托尔兹,演员
1704,DominikCastell,演员
1705,克莱尔·希金斯,演员
1706,艾比·考尼什,演员
1707,布莱思·丹纳,演员
1708,杰米·哈里斯,演员
1709,李从喜,演员
1710,芳妮·A·钱勃丝,演员
1711,米歇尔·菲佛,演员
1712,雪莉·琳恩,演员
1713,乔·柯蒂斯,演员
1714,德尼·梅诺谢,演员
1715,汤姆·维图,演员
1716,赞恩·阿尔·拉菲亚,演员
1717,大卫·普罗瓦尔,演员
1718,田中裕子,演员
1719,ChetBrandenburg,演员
1720,欧娜·满森,演员
1721,梅根·帕克,演员
1722,詹·雅各布,演员
1723,尼尔·奥布赖恩,演员
1724,凯茜·纳基麦,演员
1725,阿帕尔夏克提·库拉那,演员
1726,罗多尔·保利,演员
1727,ColinCampbell,演员
1728,安昭熙,演员
1729,柯宇纶,演员
1730,伊恩·莫利·梅尔德伦,演员
1731,PeterIlyHuemer,演员
1732,J·道格拉斯·斯图瓦特,演员
1733,克里·杜瓦尔,演员
1734,加藤嘉,演员
1735,巴斯蒂安·特罗斯特,演员
1736,詹姆斯·布洛林,演员
1737,玛丽亚·德·梅黛洛,演员
1738,安妮·路易丝·哈辛,演员
1739,丹尼斯·布尔加兹列夫,演员
1740,JohnGeorge,演员
1741,卡洛斯·格拉马赫,演员
1742,任时完,演员
1743,朴素丹,演员
1744,理查德·坎德,演员
1745,海莉·斯坦菲尔德,演员
1746,雷·利奥塔,演员
1747,杰森霍德,演员
1748,京町子,演员
1749,拉维·汗维尔卡尔,演员
1750,瓦列里·尼古拉耶夫,演员
1751,朱耕佑,演员
1752,高良健吾,演员
1753,阿诺德·沃斯洛,演员
1754,左正芬,演员
1755,姜信哲,演员
1756,格伦·菲茨杰拉德,演员
1757,彼特·道格特,演员
1758,KamalMirkarimi,演员
1759,王祖贤,演员
1760,特德·马克兰德,演员
1761,西蒙·克雷恩,演员
1762,JamesMay,演员
1763,李杭娜,演员
1764,杰弗·卡伦,演员
1765,丹尼斯·海斯伯特,演员
1766,詹姆斯·惠特摩,演员
1767,罗德·迈尔斯,演员
1768,卡赖伯·兰德里·琼斯,演员
1769,阿尔弗雷德·莫里纳,演员
1770,詹姆斯·瑞布霍恩,演员
1771,欧鲁米基·欧拉乌米,演员
1772,格瑞辰·摩尔,演员
1773,阿隆·鲁斯汀,演员
1774,大卫·布拉德利,演员
1775,MasumeDair,演员
1776,大卫·摩斯,演员
1777,阿什莉·泰勒,演员
1778,维果·莫腾森,演员
1779,亚伯拉罕·阿罗诺夫斯基,演员
1780,雅基·伊多,演员
1781,戴恩·罗兹,演员
1782,谷晃,演员
1783,敦尔·当纳利,演员
1784,萧淑慎,演员
1785,阿雅·卡什,演员
1786,SeanButton,演员
1787,山姆·道格拉斯,演员
1788,布莱恩·库瑞,演员
1789,艾伦·旁派,演员
1790,萨玛拉·维文,演员
1791,格雷戈·赛斯特罗,演员
1792,谢拉·汉考克,演员
1793,平冈映美,演员
1794,柯特·富勒,演员
1795,朱芷莹,演员
1796,席洛·格林,演员
1797,马丁·贾维斯,演员
1798,美琳达·麦格劳,演员
1799,谷村美月,演员
1800,乔什·赫尔曼,演员
1801,阿尔蒂斯·德·彭居埃恩,演员
1802,杰米·卡米尔,演员
1803,谷山纪章,演员
1804,杰森·席格尔,演员
1805,保罗·布里格斯,演员
1806,艾玛·特伦布莱,演员
1807,阿尔芭·洛尔瓦彻,演员
1808,威尔·阿奈特,演员
1809,大卫·塞尔瓦斯,演员
1810,米兰达·诺兰,演员
1811,池胁千鹤,演员
1812,詹妮弗·乌尔里希,演员
1813,希瑟·沃奎斯特,演员
1814,惠英红,演员
1815,赛德·查里斯,演员
1816,李·诺里斯,演员
1817,糸井重里,演员
1818,川岛得爱,演员
1819,戴维·卡文迪什,演员
1820,姜秀琼,演员
1821,杨文元,演员
1822,卡尔艾拉切,演员
1823,拉塞尔·皮特斯,演员
1824,王启赞,演员
1825,乔安娜·塞勒,演员
1826,DenisGreen,演员
1827,斯坦利·B·赫尔曼,演员
1828,麦迪·科尔曼,演员
1829,泰勒·派瑞,演员
1830,伊丽莎白·穆迪,演员
1831,伍经纬,演员
1832,阿什莉·阿尔图斯,演员
1833,艾玛·沃森,演员
1834,迈克尔·巴达鲁科,演员
1835,RichardO'Barry,演员
1836,莎莉·菲尔德,演员
1837,米哈乌·热布罗夫斯基,演员
1838,山口胜平,演员
1839,AlissaWilms,演员
1840,本杰明·布拉特,演员
1841,吉恩·凯利,演员
1842,蒂姆·普莱斯特,演员
1843,马修·卡索维茨,演员
1844,ReaganLeonard,演员
1845,麦克·梅尔斯,演员
1846,井上和彦,演员
1847,高桥和也,演员
1848,金秀美,演员
1849,理查德·科德里,演员
1850,杰克·塞隆,演员
1851,斯坦尼斯拉夫·雅涅夫斯基,演员
1852,佐藤允,演员
1853,卡罗琳·莎士比亚-艾伦,演员
1854,绪形直人,演员
1855,柴崎幸,演员
1856,维克多·斯坦巴赫,演员
1857,克里斯托弗·马利基,演员
1858,蔡浩,演员
1859,布莱丝·达拉斯·霍华德,演员
1860,克里斯·桑德斯,演员
1861,琳达·汉密尔顿,演员
1862,哈莎莉·马洛特拉,演员
1863,李健兴,演员
1864,卡洛斯·阿拉斯拉奇,演员
1865,ConnieEmerald,演员
1866,金城武,演员
1867,NickWilder,演员
1868,夏洛特·普里尔,演员
1869,李丹,演员
1870,加布里埃尔·伊格莱西亚斯,演员
1871,西恩·海耶斯,演员
1872,基姆·卡拉思,演员
1873,蔡颖恩,演员
1874,爱德华·伯恩斯,演员
1875,LucianoFederico,演员
1876,诺尔曼·斯蒂凡斯,演员
1877,诺曼·劳埃德,演员
1878,特德·奥利弗,演员
1879,博瑞·伦贝里,演员
1880,伊丽莎白·格瑞斯,演员
1881,亚当·莱文,演员
1882,徐峥,演员
1883,科林·费尔斯,演员
1884,贾晨飞,演员
1885,巴迪·梅辛杰,演员
1886,玛丽·凯瑟琳·歌瑞森,演员
1887,张耀扬,演员
1888,伊万·舍甫多夫,演员
1889,屋良有作,演员
1890,佛莱德·威拉特,演员
1891,朴叙俊,演员
1892,RainerSellien,演员
1893,多米尼克·皮侬,演员
1894,加藤清史郎,演员
1895,迪基·博,演员
1896,内森·连恩,演员
1897,李大卫,演员
1898,丰川悦司,演员
1899,光石研,演员
1900,丹尼斯·法里纳,演员
1901,拉黑·休姆,演员
1902,垣内彩未,演员
1903,黄秋生,演员
1904,尼古拉斯·卡洛蒂,演员
1905,马明威,演员
1906,卡瑞尔·罗登,演员
1907,米特·洛夫,演员
1908,史建全,演员
1909,内特·朗,演员
1910,朱利安·阿拉汗加,演员
1911,娜塔丽·特纳,演员
1912,金·迪肯斯,演员
1913,温水洋一,演员
1914,马修斯·纳克加勒,演员
1915,鲁文学,演员
1916,吉尔·贝罗斯,演员
1917,马特·凯里,演员
1918,布莱恩·考克斯,演员
1919,加布里埃尔·曼,演员
1920,洛莱拉·克拉沃塔,演员
1921,安东尼奥·里莫尔迪,演员
1922,朱迪·丹奇,演员
1923,皮拉瓦特·赫拉巴特,演员
1924,里特维克·萨霍里,演员
1925,乔西普·艾利克,演员
1926,凯丽·华盛顿,演员
1927,三船敏郎,演员
1928,Mohammad-HasanHosseinian,演员
1929,郑仁絮,演员
1930,泰伦斯·伯尼·海恩斯,演员
1931,托马斯·阿拉纳,演员
1932,丹尼斯·欧哈拉,演员
1933,埃里克斯·劳瑟,演员
1934,RichardEmory,演员
1935,朱斯蒂诺·杜拉诺,演员
1936,利奥达·理查德斯,演员
1937,AmberHavens,演员
1938,吉姆·帕尔默,演员
1939,沃德·邦德,演员
1940,志乃原良子,演员
1941,赫伯特·克瑙普,演员
1942,希思科特·威廉姆斯,演员
1943,理查德·约翰逊,演员
1944,奥黛丽·赫本,演员
1945,谢丽尔·霍华德,演员
1946,马修·莫迪恩,演员
1947,上山草人,演员
1948,梅拉尼·罗兰,演员
1949,麦克·辛,演员
1950,土井洋辉,演员
1951,最上嗣生,演员
1952,克劳斯·芒斯特,演员
1953,巴里·沙巴卡·亨利,演员
1954,马丁·辛,演员
1955,斯图尔特·麦克奎里,演员
1956,杰拉德·布什,演员
1957,丹尼斯·利瑞,演员
1958,戴尔·温顿,演员
1959,HubertFabianKulterer,演员
1960,StuartLancaster,演员
1961,乔纳·福尔肯,演员
1962,琼·艾伦,演员
1963,姚二嘎,演员
1964,郑佩佩,演员
1965,大塚芳忠,演员
1966,迪克·史迪威,演员
1967,常田富士男,演员
1968,坦娅·克拉克,演员
1969,朱丽叶·里夫斯,演员
1970,叶夫盖尼·拉扎列夫,演员
1971,哈威·普雷斯内尔,演员
1972,道格·伊·道格,演员
1973,温迪·古逊,演员
1974,迈克尔·多曼,演员
1975,戴安娜·札克,演员
1976,文森特·沃尔什,演员
1977,陈志辉,演员
1978,NatalieHallam,演员
1979,黄渤,演员
1980,杨采妮,演员
1981,洛雷塔·迪瓦恩,演员
1982,赵家正,演员
1983,贾维斯·考科尔,演员
1984,肖恩·哈珀,演员
1985,赵莞基,演员
1986,凯文·史派西,演员
1987,WilliamF.Leicester,演员
1988,奈良冈朋子,演员
1989,安德鲁·博尔巴,演员
1990,汤姆·费尔顿,演员
1991,林威,演员
1992,危笑,演员
1993,西德尼·科尔,演员
1994,劳埃德·英格拉哈姆,演员
1995,珍妮·斯蕾特,演员
1996,朱莉·福塞斯,演员
1997,尼古拉斯·霍尔特,演员
1998,博·勒纳,演员
1999,托德·路易斯,演员
2000,朴信惠,演员
2001,约翰·C·赖利,演员
2002,野本萤,演员
2003,伊崎充则,演员
2004,约翰·斯拉特里,演员
2005,乔·奥菲耶里,演员
2006,邦妮·怀特,演员
2007,布莱斯·吉扎尔,演员
2008,刘洁,演员
2009,麦迪逊·贝蒂,演员
2010,菲伊·斯潘,演员
2011,凯瑟琳·贝勒,演员
2012,弗朗卡·波滕特,演员
2013,基努·里维斯,演员
2014,皮埃尔·贝尔坦,演员
2015,大谷育江,演员
2016,安娜·奥菲丽亚·莫吉亚,演员
2017,乔治·张,演员
2018,郑仁仙,演员
2019,赫尔曼·德·席尔瓦,演员
2020,艾瑞克·林登,演员
2021,杰夫·高布伦,演员
2022,郑文辉,演员
2023,森繁久弥,演员
2024,布鲁克·史密斯,演员
2025,石山雄大,演员
2026,迪米特·D·马里诺夫,演员
2027,安德鲁·加菲尔德,演员
2028,斯蒂芬·托布罗斯基,演员
2029,比利·克里斯托,演员
2030,克里斯汀·贝尔,演员
2031,卢燕,演员
2032,凯德·比特纳,演员
2033,犬山犬子,演员
2034,折笠富美子,演员
2035,胜杏里,演员
2036,罗里·艾伦,演员
2037,CaroleWeiss,演员
2038,瑞奇·杰,演员
2039,斯琴高娃,演员
2040,巴巴拉·莱涅,演员
2041,尼克·瓦莱隆加,演员
2042,休·杰克曼,演员
2043,海克·玛卡琪,演员
2044,格威利姆·李,演员
2045,玛莎·温特沃思,演员
2046,彼得·麦肯齐,演员
2047,吴达洙,演员
2048,马吉·汉,演员
2049,费米·依鲁福祖,演员
2050,大卫·海曼,演员
2051,朱莉·安德鲁斯,演员
2052,加藤精三,演员
2053,阿兰·弗吉,演员
2054,宫口精二,演员
2055,丹妮尔·罗丝·拉塞尔,演员
2056,贾致钢,演员
2057,宫西美奈子,演员
2058,安库塔·布雷班,演员
2059,塔卡尤·费舍尔,演员
2060,宋怀桂,演员
2061,泰迪·牛顿,演员
2062,让·达里,演员
2063,帕梅拉·伯勒尔,演员
2064,FletcherAllen,演员
2065,哈里·威尔逊,演员
2066,威廉·彼德森,演员
2067,阿什利·詹森,演员
2068,乔什·卢卡斯,演员
2069,约翰·拉维尔,演员
2070,理查德·赖丁斯,演员
2071,范文雀,演员
2072,金雷夏,演员
2073,山形勋,演员
2074,诸慧荷,演员
2075,蒂姆·梅尔滕斯,演员
2076,约翰·凯泽尔,演员
2077,尚华,演员
2078,北野武,演员
2079,敏迪·卡灵,演员
2080,伊恩·麦克莱恩,演员
2081,奥古斯特·迪赫,演员
2082,约翰·C·麦金雷,演员
2083,詹妮弗·普里尔,演员
2084,纳塔莉·贝伊,演员
2085,丹尼尔·吉尔森,演员
2086,郑锡勇,演员
2087,奇道,演员
2088,普路特·泰勒·文斯,演员
2089,杰罗姆·兰福特,演员
2090,杰弗里·拉什,演员
2091,NicholasSadler,演员
2092,塔姆金·莫钦特,演员
2093,林凌雅,演员
2094,布兰达·布莱斯,演员
2095,布兰登·斯考特,演员
2096,赵文瑄,演员
2097,汤姆·罗斯奎,演员
2098,马提亚斯·布伦纳,演员
2099,都筑香弥子,演员
2100,川濑晶子,演员
2101,钱似莺,演员
2102,格伦·贝克,演员
2103,乔伊·兰辛,演员
2104,韩基重,演员
2105,弗兰克·奥兹,演员
2106,武田真治,演员
2107,ToddRippon,演员
2108,吉尔·科德斯,演员
2109,王砚辉,演员
2110,布兰登·萨克斯顿,演员
2111,张景素,演员
2112,彼得·杰克林,演员
2113,凯尔·钱德勒,演员
2114,马克西姆·科瓦莱夫斯基,演员
2115,卡萨尔·艾尔·哈达德,演员
2116,瑞恩·海沃德,演员
2117,Diabolo,演员
2118,大村千吉,演员
2119,索菲亚·撒高,演员
2120,裴淳华,演员
2121,特洛伊·多纳胡,演员
2122,科林·伍德尔,演员
2123,CharlieIan,演员
2124,铃木庆一,演员
2125,李健仁,演员
2126,比利·布什,演员
2127,约翰·菲德勒,演员
2128,户田惠子,演员
2129,克洛蒂尔德·莫勒,演员
2130,山崎努,演员
2131,菲利普-沃斯,演员
2132,神户浩,演员
2133,波伊德·霍布鲁克,演员
2134,罗伯特·吉尔劳姆,演员
2135,库玛·帕拉纳,演员
2136,伊尔凡·可汗,演员
2137,端田宏三,演员
2138,罗伯特·福捷,演员
2139,SylviaLewis,演员
2140,吴龙,演员
2141,朱迪·福斯特,演员
2142,爱德华·福隆,演员
2143,迈克尔·法斯宾德,演员
2144,马克思·雷迈特,演员
2145,巴特熊,演员
2146,约书亚·哈尔托,演员
2147,托尼·戈罗奇,演员
2148,黄斐,演员
2149,加里·奥德曼,演员
2150,小林郁夫,演员
2151,科莱特·布罗塞,演员
2152,约翰·古德曼,演员
2153,寺田农,演员
2154,DanStanton,演员
2155,马丁·巴特斯·布拉德福德,演员
2156,简·麦克尼尔,演员
2157,艾伦妮·泰,演员
2158,沙鲁巴·舒克拉,演员
2159,川原庆久,演员
2160,迈克尔·康特里曼,演员
2161,克里斯托弗·普卢默,演员
2162,王海,演员
2163,鲍起静,演员
2164,尼克·卡特,演员
2165,贝恩·科拉科,演员
2166,邵茹贞,演员
2167,杰弗里·德曼,演员
2168,理查德·塞梅尔,演员
2169,米斯·斯马尔,演员
2170,多米尼克·霍夫曼,演员
2171,约翰·卡洛·林奇,演员
2172,金英爱,演员
2173,岸本加世子,演员
2174,吉诺·阿赛维多,演员
2175,汤姆·哈迪,演员
2176,尚恩·约翰逊,演员
2177,乔伊·金,演员
2178,EzioFlagello,演员
2179,竹下景子,演员
2180,罗恩·迪恩,演员
2181,道恩·艾达丝,演员
2182,比尔·欧文,演员
2183,扎克·格雷尼尔,演员
2184,安·卢瑟福德,演员
2185,丹尼·库克塞,演员
2186,贾斯汀·罗杰斯豪尔,演员
2187,黄政民,演员
2188,乌尔里希·穆埃,演员
2189,迈尔斯·特勒,演员
2190,克里斯汀·阿努,演员
2191,艾伦·里奇,演员
2192,谭志刚,演员
2193,MohammedHassan,演员
2194,安东尼·霍普金斯,演员
2195,克兰西·布朗,演员
2196,安东内洛·普利西,演员
2197,亚当·布斯奇,演员
2198,陈竹昇,演员
2199,加布里埃尔·安瓦尔,演员
2200,板仓光隆,演员
2201,克蕾曼丝·波西,演员
2202,梅根·盖尔,演员
2203,桑亚·玛荷塔,演员
2204,马克·弗格森,演员
2205,丹·巴特勒,演员
2206,希拉里·沙普兰,演员
2207,伊凡·弗雷贝利,演员
2208,安娜·法瑞丝,演员
2209,罗伯特·卡拉丁,演员
2210,布拉德·皮特,演员
2211,大卫·克劳斯,演员
2212,长田江身子,演员
2213,罗伯特·杜瓦尔,演员
2214,信泽三惠子,演员
2215,GilbertEmery,演员
2216,埃迪·艾伯特,演员
2217,查理兹·塞隆,演员
2218,克雷格·费格森,演员
2219,詹姆斯·凯伦,演员
2220,刘卡雅,演员
2221,兰斯·E·尼克尔斯,演员
2222,露西·拉塞尔,演员
2223,纳谷悟朗,演员
2224,卢卡斯·赫奇斯,演员
2225,比利·博伊德,演员
2226,菲利普·罗斯,演员
2227,爱德华·金博尔,演员
2228,埃里克·赛克斯,演员
2229,詹姆斯·菲尔浦斯,演员
2230,丹格里芬,演员
2231,维克·萨海,演员
2232,TitoAlba,演员
2233,马克西姆·梅米特,演员
2234,JojiMorishita,演员
2235,EricWilton,演员
2236,史蒂夫·萨斯坎德,演员
2237,格洛丽亚·德黑文,演员
2238,泰德·奈特,演员
2239,高原骏雄,演员
2240,张默,演员
2241,刘易斯·阿伯内西,演员
2242,雷·沃纳尔,演员
2243,朴圣雄,演员
2244,柳泰浩,演员
2245,费奥纳·肖,演员
2246,盖·皮尔斯,演员
2247,凯莉·麦克唐纳,演员
2248,罗伯特·马莫内,演员
2249,赛琳娜·露娜,演员
2250,马库斯·钟,演员
2251,克莱夫·欧文,演员
2252,杨新鸣,演员
2253,艾琳·尼古拉斯,演员
2254,哈利·海顿-佩顿,演员
2255,文斯·沃恩,演员
2256,雷夫·瓦朗,演员
2257,弗雷德里克·埃弗斯,演员
2258,亚丽姗德拉·全,演员
2259,安迪·阿尼斯,演员
2260,托比·海明威,演员
2261,森雅之,演员
2262,朴明勋,演员
2263,萨拉·贝克,演员
2264,扬·拉布森,演员
2265,约翰·戴维森,演员
2266,JeanHeremans,演员
2267,玛丽亚·彭斯卡娅,演员
2268,保罗·古德勒支,演员
2269,SerenaReeder,演员
2270,吴念真,演员
2271,玛丽·格鲁伯,演员
2272,梁荣忠,演员
2273,本名阳子,演员
2274,迈克尔·斯曼内科,演员
2275,凯·李,演员
2276,劳拉·拉芙蕾丝,演员
2277,海尼·康克林,演员
2278,MichaelElsworth,演员
2279,任素汐,演员
2280,亚历克斯·帕尔墨,演员
2281,汤姆·斯托顿,演员
2282,伍迪·哈里森,演员
2283,大仓正章,演员
2284,威廉姆·赛德勒,演员
2285,唐·钱德尔,演员
2286,塔斯黛·韦尔德,演员
2287,西莉亚·奥,演员
2288,诺埃尔·达扎尔,演员
2289,乔尔·克莱默,演员
2290,玛丽安·普莱施泰格,演员
2291,肖姆斯·戴维-菲茨帕特里克,演员
2292,伊藤和晃,演员
2293,斯戴芬妮·斯考特,演员
2294,鲍勃·冈顿,演员
2295,绫濑遥,演员
2296,瑞恩·高斯林,演员
2297,大卫·文翰,演员
2298,杰克·克卢格曼,演员
2299,兰德尔·斯莱文,演员
2300,伊默恩·沃克,演员
2301,塔尼特·菲尼克斯,演员
2302,韩英惠,演员
2303,约翰·诺瓦克,演员
2304,菲尔·拉马,演员
2305,渊崎由里子,演员
2306,帕特·麦卡弗里,演员
2307,朱丽娅·斯蒂尔斯,演员
2308,森光子,演员
2309,市原悦子,演员
2310,杨贵媚,演员
2311,SandroKopp,演员
2312,李妍京,演员
2313,TommyFarrell,演员
2314,王琳,演员
2315,V·J·福斯特,演员
2316,弗雷德·马拉泰斯塔,演员
2317,汤米·钟,演员
2318,奥尔索·马利亚·奎利尼,演员
2319,伊莱·罗斯,演员
2320,米歇尔·梅斯默,演员
2321,李·斯特拉斯伯格,演员
2322,西恩·潘,演员
2323,胡丽叶塔·泽尔贝伯格,演员
2324,笠智众,演员
2325,谷德昭,演员
2326,丹尼·德维托,演员
2327,苏菲·奥康内多,演员
2328,杨瑜珍,演员
2329,海蒂·麦克丹尼尔,演员
2330,Marie-AnneFliegel,演员
2331,苑琼丹,演员
2332,詹姆斯·海登,演员
2333,苏珊·布洛马特,演员
2334,丽莎·艾科恩,演员
2335,威廉姆·西尔维斯特,演员
2336,大卫·哈伯,演员
2337,艾米丽·芭尔多尼,演员
2338,莉娅·朱厄特,演员
2339,亚尼·卡普,演员
2340,泰伊·谢里丹,演员
2341,杰瑞德·莱托,演员
2342,柚木凉香,演员
2343,史蒂夫·卡鲁瑟斯,演员
2344,千禹熙,演员
2345,恩尼奥·孔萨尔维,演员
2346,乔治·埃尔德雷奇,演员
2347,金燕玲,演员
2348,许鞍华,演员
2349,劳伦·斯卡法莉娅,演员
2350,加斯通·莫辛,演员
2351,斯蒂文·麦金托什,演员
2352,笹野高史,演员
2353,约书亚·麦圭尔,演员
2354,约翰·迪·马吉欧,演员
2355,二勇,演员
2356,迈克尔·诺里,演员
2357,尼德·巴蒂,演员
2358,泰奥杜尔·卡雷-卡赛尼,演员
2359,马克·阿米约,演员
2360,卡拉·梅迪纳,演员
2361,马修·比尔德,演员
2362,香川京子,演员
2363,拉里·布兰登伯格,演员
2364,杰森·贝特曼,演员
2365,弗兰克·艾伯森,演员
2366,肯尼斯·威尔什,演员
2367,上白石萌音,演员
2368,马汀·麦格,演员
2369,黄宗洛,演员
2370,布鲁斯·米切尔,演员
2371,小野武彦,演员
2372,罗伯特·威尔福特,演员
2373,杰克·瓦尔登,演员
2374,蓝洁瑛,演员
2375,金素梅,演员
2376,本杰明·奥切恩格,演员
2377,弗兰克·达戈斯蒂诺,演员
2378,黄自强,演员
2379,郑肯,演员
2380,王柏杰,演员
2381,戴安·琳恩,演员
2382,庄益增,演员
2383,高山南,演员
2384,袁祥仁,演员
2385,卡梅隆·布莱特,演员
2386,卡梅隆·罗德,演员
2387,刘洵,演员
2388,蒂尔·施威格,演员
2389,冀朝理,演员
2390,艾莉丝·布拉加,演员
2391,大卫·罗伯茨,演员
2392,吕齐,演员
2393,立木文彦,演员
2394,奥克塔维·索利斯,演员
2395,广濑正一,演员
2396,贾世忠,演员
2397,佐佐木美结,演员
2398,雅各布·特伦布莱,演员
2399,埃利亚斯·穆巴里克,演员
2400,山下容莉枝,演员
2401,亚布拉哈姆·本鲁比,演员
2402,路易·德·菲奈斯,演员
2403,安东尼·迈克尔·豪尔,演员
2404,李·厄米,演员
2405,神木隆之介,演员
2406,埃丽萨·莫鲁奇,演员
2407,PaulWatson,演员
2408,索纳利·萨查德夫,演员
2409,香川照之,演员
2410,罗伯特·迈尔斯,演员
2411,拉斯洛·阿隆,演员
2412,宝莲·高黛,演员
2413,乔治·多克斯塔德,演员
2414,克里斯蒂娜·度·瑞格,演员
2415,鲍勃·彼德森,演员
2416,埃瓦德妮·贝克,演员
2417,维拉·迈尔斯,演员
2418,保罗·布莱克维尔,演员
2419,VirginiaCarroll,演员
2420,坦迪·牛顿,演员
2421,保罗·布赖特威尔,演员
2422,道格拉斯·席尔瓦,演员
2423,SuElliot,演员
2424,狄龙,演员
2425,英若诚,演员
2426,沃恩·泰勒,演员
2427,卡琳娜·隆巴德,演员
2428,卡罗琳·古多尔,演员
2429,乔伊芙·拉文,演员
2430,约翰·沙拉恩,演员
2431,爱河里花子,演员
2432,熊谷卓三,演员
2433,罗里·金尼尔,演员
2434,杰克·巴农,演员
2435,萧炳林,演员
2436,夏木顺平,演员
2437,安吉拉·卡特怀特,演员
2438,香农·沃尔什,演员
2439,艾玛·托马斯,演员
2440,詹姆斯·厄尔·琼斯,演员
2441,玛德琳·雅各布松,演员
2442,罗伯特·德尼罗,演员
2443,斯科特·安第斯,演员
2444,LydiaBlanco,演员
2445,广末凉子,演员
2446,大卫·奥哈拉,演员
2447,高桥努,演员
2448,榊原良子,演员
2449,吉莉安·普法夫,演员
2450,艾伯特·德尔佩,演员
2451,路易·西霍尤斯,演员
2452,安娜·李,演员
2453,清水尚弥,演员
2454,法布里奇奥·范特,演员
2455,小马克·布恩,演员
2456,夏洛特·阿罗诺夫斯基,演员
2457,权泰元,演员
2458,马诺·巴克什,演员
2459,丽塔·莫雷诺,演员
2460,谷川清美,演员
2461,斯坦利·布莱斯通,演员
2462,杰克·丘奇,演员
2463,黛娅娜·欧特里,演员
2464,派珀·佩拉博,演员
2465,王晶,演员
2466,树木希林,演员
2467,乔治·马丁,演员
2468,萨拉·米博·孙,演员
2469,诺亚·艾默里奇,演员
2470,莱昂纳多·斯巴拉格利亚,演员
2471,詹妮弗·康纳利,演员
2472,内藤刚志,演员
2473,肖恩·安东尼·莫兰,演员
2474,罗斯·格林,演员
2475,约翰·拉岑贝格,演员
2476,约翰·诺贝尔,演员
2477,劳恩·迪恩,演员
2478,伊斯顿·盖奇,演员
2479,布罗娜·加拉赫,演员
2480,葛蕾·贝拉玛西娜,演员
2481,海伦娜·伯翰·卡特,演员
2482,杰森·布莱尔,演员
2483,杰拉德·加纳,演员
2484,安德烈提多娜,演员
2485,李子雄,演员
2486,凯文·斯科特,演员
2487,杰夫·皮金,演员
2488,史蒂芬·朗,演员
2489,博纳德·福克斯,演员
2490,ChickCollins,演员
2491,顾锦华,演员
2492,布拉德·阿布瑞尔,演员
2493,科莱特·沃夫,演员
2494,艾米·瓦尔兹,演员
2495,邵胜杰,演员
2496,穆琳·利普曼,演员
2497,张敏,演员
2498,伊万·斯图尔特,演员
2499,陈强,演员
2500,斯蒂夫·扎恩,演员
2501,ClaudioManiscalco,演员
2502,亚历山德拉·拉帕波特,演员
2503,堺左千夫,演员
2504,悠木碧,演员
2505,鲍皓昕,演员
2506,TabethaThomas,演员
2507,特里·刘易斯,演员
2508,林孟瑾,演员
2509,DirkSchoedon,演员
2510,杰西卡·凯特·梅耶尔,演员
2511,A.CameronGrant,演员
2512,山德·贝克利,演员
2513,迈克尔·艾伦·米利甘,演员
2514,井川比佐志,演员
2515,玛格特·罗比,演员
2516,凯撒·博尔东,演员
2517,克莱尔·莫里耶,演员
2518,薛景求,演员
2519,唐如韫,演员
2520,摩根·弗里曼,演员
2521,冯·刘易斯,演员
2522,沈慧芬,演员
2523,GinaGallagher,演员
2524,科尔·豪瑟,演员
2525,许敬民,演员
2526,杰弗里·塞尔,演员
2527,伯纳德·希尔,演员
2528,弗兰克·德安布罗西奥,演员
2529,米兰达·理查森,演员
2530,詹姆斯·麦斯登,演员
2531,朱约信,演员
2532,兰德尔·威廉·库克,演员
2533,尤娜·奥康纳,演员
2534,斯科特·肖,演员
2535,金甫美,演员
2536,马克·多兹劳,演员
2537,梅森·甘布,演员
2538,罗尔夫·萨克森,演员
2539,高堂国典,演员
2540,基斯·斯扎拉巴基克,演员
2541,伯纳德·赛尔,演员
2542,杰西·詹姆斯,演员
2543,杨恭如,演员
2544,梅尔·吉布森,演员
2545,Kt·巴达萨罗,演员
2546,乌比·戈德堡,演员
2547,尼古拉斯·哈蒙德,演员
2548,茱莉亚·蕾娜,演员
2549,琼·库萨克,演员
2550,杰克·富尔顿,演员
2551,哈亚提·阿克巴斯,演员
2552,瑞安·柯尔,演员
2553,中村正,演员
2554,夏木真理,演员
2555,理查·布莱恩特,演员
2556,劳伦斯·斯佩尔曼,演员
2557,森口瑶子,演员
2558,乔纳森·海德,演员
2559,亚当·诺威尔,演员
2560,诺玛·威登,演员
2561,凯特·宾汉,演员
2562,朱莉娅·罗伯茨,演员
2563,钟镇涛,演员
2564,罗里·奥谢,演员
2565,碧翠斯·马科拉,演员
2566,本尼托·马丁内斯,演员
2567,塞伊拉·沃西,演员
2568,卡罗丽娜·维拉·斯克利亚,演员
2569,平坦,演员
2570,黄一山,演员
2571,宣萱,演员
2572,萨米·盖尔,演员
2573,张建军,演员
2574,玛丽·马凯,演员
2575,克里斯汀娜·安娜波,演员
2576,亚历克斯·马努吉安,演员
2577,埃文·威尔什,演员
2578,基根·麦金托什,演员
2579,罗伯特·肖恩·莱纳德,演员
2580,夏恩·希尔,演员
2581,贾梅尔·杜布兹,演员
2582,玛德琳·卡罗尔,演员
2583,迈克尔·斯托扬诺夫,演员
2584,凯文·艾伦,演员
2585,松冈茉优,演员
2586,梅丽莎·迪斯尼,演员
2587,吉尼瓦·塔瓦尔,演员
2588,马修·C·马蒂诺,演员
2589,罗伯特·拉萨多,演员
2590,德沃恩·尼克森,演员
2591,莎拉·威多斯,演员
2592,理查德·坎贝尔,演员
2593,罗素·克劳,演员
2594,克里斯蒂娜·亨德里克斯,演员
2595,董飞,演员
2596,托尼·雷沃罗利,演员
2597,罗南·鲁宾斯坦,演员
2598,瓦莱丽亚·戈利诺,演员
2599,全慧珍,演员
2600,陈捷文,演员
2601,金贤秀,演员
2602,约翰·弗劳思,演员
2603,阿德沃尔·阿吉纽依-艾格拜吉,演员
2604,约翰·库萨克,演员
2605,让·雷诺,演员
2606,皮埃尔·鲁塞尔,演员
2607,阿尔弗雷德·希区柯克,演员
2608,杰瑞米·戴维斯,演员
2609,奥玛·杜姆,演员
2610,德尔罗伊·林多,演员
2611,罗伯塔·马克斯韦尔,演员
2612,清水萌萌子,演员
2613,艾瑞克·巴纳,演员
2614,阿德里安·罗林斯,演员
2615,杰里米·利里,演员
2616,纳吉·杰特,演员
2617,裘德·洛,演员
2618,约翰·奥特曼,演员
2619,菅谷政子,演员
2620,皮埃尔·巴斯蒂安,演员
2621,弗朗西斯·德塞尔斯,演员
2622,李在应,演员
2623,爱德华·阿斯纳,演员
2624,DonStanton,演员
2625,林子善,演员
2626,赖因哈德·科尔德霍夫,演员
2627,凯文·韦斯曼,演员
2628,詹妮弗·李·杰克逊,演员
2629,马可·贾利尼,演员
2630,布鲁诺·冈茨,演员
2631,黛安·韦斯特,演员
2632,弗兰西丝·费舍,演员
2633,罗谢尔·奥利弗,演员
2634,迈克尔·维约,演员
2635,饭冢雅弓,演员
2636,梅·维贾,演员
2637,艾尔·麦金农,演员
2638,弗兰克·西维罗,演员
2639,薛芷伦,演员
2640,夏恩·帕特洛,演员
2641,童自荣,演员
2642,托马斯·克莱舒曼,演员
2643,W·本森·泰瑞,演员
2644,乔治·汉密尔顿,演员
2645,金子,演员
2646,查得·R·戴维斯,演员
2647,卡斯图罗·格雷拉,演员
2648,西德尼·拉斯克,演员
2649,姜宏波,演员
2650,罗根·勒曼,演员
2651,迈克尔·斯图巴,演员
2652,徐杰,演员
2653,安德鲁·凯文·沃克,演员
2654,梅内卡·达斯,演员
2655,F·默里·亚伯拉罕,演员
2656,伊扎贝拉·维多维奇,演员
2657,代尔·戴,演员
2658,兰斯·富勒,演员
2659,利亚姆·迪金森,演员
2660,山口朱美,演员
2661,布丽·拉尔森,演员
2662,肖恩·史密斯,演员
2663,波林·林奇,演员
2664,周嘉玲,演员
2665,PaulPoet,演员
2666,宝拉·佩尔,演员
2667,罗夫·拉斯加德,演员
2668,萨瓦特利·卡西欧,演员
2669,克里斯·马尔基,演员
2670,范·迪塞尔,演员
2671,伊利亚·沃里克,演员
2672,杰夫·格尔林,演员
2673,孙黎,演员
2674,吴宇森,演员
2675,保罗·贝坦尼,演员
2676,萨尔曼·汗,演员
2677,大卫·詹森,演员
2678,玛吉·吉伦哈尔,演员
2679,马丁·哈伯,演员
2680,埃利亚斯·库利,演员
2681,皮尔斯·布鲁斯南,演员
2682,耐德·巴拉米,演员
2683,王玨,演员
2684,约瑟夫·约翰·谢尔勒,演员
2685,卡拉·奥奇格罗索,演员
2686,凯斯·索西,演员
2687,小岛可奈子,演员
2688,芦田爱菜,演员
2689,汤姆·汉克斯,演员
2690,孙渝烽,演员
2691,格雷格·福西特,演员
2692,费拉斯·迪拉尼,演员
2693,弗兰克·莫兰,演员
2694,佐伊·贝尔,演员
2695,詹姆斯·诺斯科特,演员
2696,山本圭子,演员
2697,鲍伯·伯根,演员
2698,亨利·基,演员
2699,井田国男,演员
2700,尼古拉斯·布兰登,演员
2701,莎拉·弗里斯蒂,演员
2702,安德莉亚·埃克特,演员
2703,兰迪·奎德,演员
2704,梁家辉,演员
2705,华森·波克彭,演员
2706,迪娜·迈耶,演员
2707,迈克尔·阿伯特,演员
2708,克里斯托弗·琼斯,演员
2709,特德·丹森,演员
2710,赫尔穆特·巴凯蒂斯,演员
2711,盖奇·比尔托福,演员
2712,杰克·吉伦哈尔,演员
2713,理查德·布赖特,演员
2714,张洋洋,演员
2715,埃里克·德斯玛莱茨,演员
2716,唐·诺韦洛,演员
2717,詹姆斯·休斯,演员
2718,海利·乔·奥斯蒙,演员
2719,伊嘉·比肯费尔德,演员
2720,梁家仁,演员
2721,本·门德尔森,演员
2722,麦人,演员
2723,周韵,演员
2724,露口茂,演员
2725,汤姆·埃沃雷特,演员
2726,FrankMitchell,演员
2727,内森奈尔·布佐里克,演员
2728,大卫·沃尔,演员
2729,克里斯托弗·卡比,演员
2730,米西·派勒,演员
2731,汉克·曼,演员
2732,奥斯卡·马丁内兹,演员
2733,马特·史密斯,演员
2734,曾志伟,演员
2735,汉斯·迈尔,演员
2736,大卫·鲍伊,演员
2737,海伦·麦克洛瑞,演员
2738,铃木亮平,演员
2739,吉塔·施维赫夫,演员
2740,蒂丝卡·乔普拉,演员
2741,Mandy-RaeCruikshank,演员
2742,祖萨·霍尔,演员
2743,艾瑞克·布里登,演员
2744,杰米·谢尔丹,演员
2745,库尔特·莱特纳,演员
2746,西村知道,演员
2747,文森特·普莱斯,演员
2748,张翰,演员
2749,克里斯蒂安娜·保罗,演员
2750,CharlesHambleton,演员
2751,努尔·艾尔·侯赛尼,演员
2752,温迪·李,演员
2753,贝弗利·陶德,演员
2754,北野诚,演员
2755,威廉·赫特,演员
2756,迪恩·诺里斯,演员
2757,ManoloGarcia,演员
2758,约翰尼·李·米勒,演员
2759,沃克马·克莱纳特,演员
2760,纳许·埃哲顿,演员
2761,克塞尼亚·索罗,演员
2762,简妮·布鲁克,演员
2763,德怀特·马费尔德,演员
2764,宫藤官九郎,演员
2765,罗宾·威廉姆斯,演员
2766,朱宝意,演员
2767,GeorgeMarshallRuge,演员
2768,诺特·阿查拉那·阿瑞亚卫考,演员
2769,玛拉雅·瑞沃拉·德鲁,演员
2770,多姆纳尔·格里森,演员
2771,西尔维亚·米纳西安,演员
2772,TexRubinowitz,演员
2773,丹·陈,演员
2774,本尼迪克特·康伯巴奇,演员
2775,柳叶敏郎,演员
2776,小亮哥,演员
2777,代少波,演员
2778,凯文·兰金,演员
2779,哈珀·弗莱厄蒂,演员
2780,伊俄涅·M·特雷奇,演员
2781,法缇玛·萨那·纱卡,演员
2782,西奥·格林利,演员
2783,斯特兰·斯卡斯加德,演员
2784,辻亲八,演员
2785,稻垣三郎,演员
2786,安东尼雷派克,演员
2787,乔什·平茨,演员
2788,乔·曼特纳,演员
2789,拉尔夫·伊内森,演员
2790,布莱恩·科兰斯顿,演员
2791,约翰·齐甘,演员
2792,KenGibbel,演员
2793,安娜·申茨,演员
2794,史蒂夫·维拉,演员
2795,休·丹西,演员
2796,约翰·霍奇,演员
2797,雅尼斯·帕帕多普洛斯,演员
2798,蕾乐蒂·库马洛,演员
2799,哈罗德·佩里诺,演员
2800,王力宏,演员
2801,HendrikArnst,演员
2802,KirkKrack,演员
2803,阿德南·萨米,演员
2804,花泽香菜,演员
2805,杰拉·哈斯,演员
2806,蒂莫西·斯波,演员
2807,WyndhamStanding,演员
2808,詹姆斯·兰开斯特,演员
2809,水谷优子,演员
2810,希斯·莱杰,演员
2811,玛姬·尼克松,演员
2812,小室正幸,演员
2813,水源士郎,演员
2814,拉兹·阿隆索,演员
2815,陈冲,演员
2816,吉姆·瓦德,演员
2817,雅各布·马琛茨,演员
2818,克里斯托弗·邓汉,演员
2819,王佳佳,演员
2820,PaulNorell,演员
2821,脱线,演员
2822,芭芭拉·欧内尔,演员
2823,海顿·潘妮蒂尔,演员
2824,槐柳二,演员
2825,杰森·麦克奎尔,演员
2826,玛丽·梅伦,演员
2827,三吉彩花,演员
2828,罗伯特·卡普荣,演员
2829,伊丽莎白·汉克斯,演员
2830,蒂娜·斯隆,演员
2831,大卫·富兰克林,演员
2832,伊丽莎白·麦戈文,演员
2833,乔·大卫·摩尔,演员
2834,朱利亚娜·洛约迪切,演员
2835,吕菲斯,演员
2836,凯文·韦斯特,演员
2837,帕特·威尔士,演员
2838,丹·芬纳蒂,演员
2839,庄域飞,演员
2840,芭芭拉·赫希,演员
2841,陈莲梅,演员
2842,格拉汉姆·贝克尔,演员
2843,克里斯托弗·马西,演员
2844,原沙知绘,演员
2845,藤原龙也,演员
2846,山寺宏一,演员
2847,安东尼·冈萨雷斯,演员
2848,芝原智矢子,演员
2849,廖爱玲,演员
2850,史蒂夫·布西密,演员
2851,朴海日,演员
2852,克里斯·考林,演员
2853,比利·赞恩,演员
2854,安娜·福列塔,演员
2855,沃尔特·培根,演员
2856,詹姆斯·塞托,演员
2857,皮特·麦克罗比,演员
2858,YevgeniSitokhin,演员
2859,AmerigoTot,演员
2860,八奈见乘儿,演员
2861,塞西尔·雷诺兹,演员
2862,原节子,演员
2863,宫泽理惠,演员
2864,莱斯利·霍华德,演员
2865,所乔治,演员
2866,特里斯坦·马丁,演员
2867,高登·图托西斯,演员
2868,大卫·彭德尔顿,演员
2869,朱茵,演员
2870,唐纳德·萨瑟兰,演员
2871,威尔弗雷德·卢卡斯,演员
2872,乔纳森·哈根森,演员
2873,埃弗雷特·布朗,演员
2874,希尔德加德·斯罗德,演员
2875,特里-托马斯,演员
2876,迪普·罗伊,演员
2877,奥利维亚·库克,演员
2878,西恩·托马斯,演员
2879,华金·菲尼克斯,演员
2880,路德韦格·布洛克伯格,演员
2881,拉法埃拉·莱博罗尼,演员
2882,迪尔克·范登贝格,演员
2883,拉尔夫·罗德里格斯,演员
2884,方化,演员
2885,帕诺斯·科罗尼斯,演员
2886,尼古拉斯·卡斯柯恩,演员
2887,FilomenaSpagnuolo,演员
2888,杰伊·巴鲁切尔,演员
2889,迈克·巴特斯,演员
2890,帕特里夏·希区柯克,演员
2891,太田真一郎,演员
2892,拉塞尔·布兰德,演员
2893,西蒙·佩吉,演员
2894,山本廉,演员
2895,耶稣·加洛,演员
2896,JohnPower,演员
2897,肯·科齐格,演员
2898,宫西达也,演员
2899,加东大介,演员
2900,凯·伊沃·保利兹,演员
2901,龟井芳子,演员
2902,T·J·米勒,演员
2903,朴元尚,演员
2904,喜利图,演员
2905,马克·克里斯托弗·劳伦斯,演员
2906,托马斯·布伦门塔尔,演员
2907,梁佩诗,演员
2908,杉村春子,演员
2909,马占林,演员
2910,盖尔·汉森,演员
2911,苏珊·维德勒,演员
2912,安德鲁·麦克唐纳,演员
2913,罗恩·沃斯,演员
2914,茅斯·达夫,演员
2915,GabriellaDiLuzio,演员
2916,MichaelEdwards,演员
2917,吉姆·布劳德本特,演员
2918,张国柱,演员
2919,霍拉提奥·桑斯,演员
2920,萨米·纳塞利,演员
2921,筱原惠美,演员
2922,托里奥·卡米纳提,演员
2923,余贵美子,演员
2924,姜文,演员
2925,王菲,演员
2926,石田百合子,演员
2927,丹尼·努齐,演员
2928,本间文子,演员
2929,迈克·切罗内,演员
2930,玛格丽特·伯特,演员
2931,约瑟夫·高登-莱维特,演员
2932,肖恩·奥哈根,演员
2933,哈基姆·凯-卡西姆,演员
2934,萨拉·罗默尔,演员
2935,亨利·尼克松,演员
2936,磨赤儿,演员
2937,比尔·帕克斯顿,演员
2938,弗兰克·芬莱,演员
2939,罗伯特·塞拉,演员
2940,鲍比·莫尼汉,演员
2941,马蒂娜·格德克,演员
2942,凯利·蕾莉,演员
2943,马克·鲁弗洛,演员
2944,詹妮弗·安杰尔,演员
2945,C.J.Vana,演员
2946,伊丽莎白·班克斯,演员
2947,艾芙珊·阿扎德,演员
2948,汤姆·德尔玛,演员
2949,柯一正,演员
2950,吴涛,演员
2951,京田尚子,演员
2952,DaltonAbbott,演员
2953,崔西·沃特,演员
2954,西尔维斯特·格罗特,演员
2955,泽口靖子,演员
2956,艾米莉娅·福克斯,演员
2957,卡琳娜·卡普尔,演员
2958,罗德里戈-费尔南德斯-斯托尔,演员
2959,泰勒·吉蕾,演员
2960,杰西卡·施瓦茨,演员
2961,凯文·杜兰,演员
2962,卡洛琳·赫弗斯,演员
2963,朱咪咪,演员
2964,伊恩·穆内,演员
2965,亨利·G.桑德斯,演员
2966,麦温,演员
2967,拜伦·霍华德,演员
2968,梅兰尼·蒂埃里,演员
2969,张翼东,演员
2970,默罕默德·阿米尔·纳吉,演员
2971,BehzadRafi,演员
2972,史文-欧尔·托尔森,演员
2973,AlRoberts,演员
2974,丹兰·布鲁诺,演员
2975,谷原章介,演员
2976,后藤弘树,演员
2977,理查德·E·格兰特,演员
2978,莫里斯·拉马奇,演员
2979,尼尔·吉恩托利,演员
2980,马修·麦克费登,演员
2981,穆德·阿巴斯·卡勒里,演员
2982,烈子,演员
2983,宫内幸平,演员
2984,胡明,演员
2985,布格斯·巴尔加瓦,演员
2986,芬利·威尔士,演员
2987,海伦·华莱士,演员
2988,基里安·墨菲,演员
2989,全国焕,演员
2990,张璐,演员
2991,马可·斯格罗索,演员
2992,萨拉·西尔弗曼,演员
2993,大卫·田纳特,演员
2994,露塞尔·沃特森,演员
2995,布莱恩·瑟金特,演员
2996,格拉伦·布莱恩特·班克斯,演员
2997,莫妮卡·比利亚,演员
2998,凯蒂·洛斯,演员
2999,文森特·斯卡维利,演员
3000,托尼·夏尔赫布,演员
3001,查德·克里斯特,演员
3002,纳豆,演员
3003,基恩·鲁弗洛,演员
3004,哈里特·桑塞姆·哈里斯,演员
3005,FrankDawson,演员
3006,沙拉蒂·瑟斯纳,演员
3007,陈冠希,演员
3008,马西莫·比安奇,演员
3009,迈克尔·埃斯佩尔,演员
3010,弗兰克·基尔蒙德,演员
3011,菅原文太,演员
3012,莱思莉·汉密尔顿·格伦,演员
3013,BenBritton,演员
3014,彼得·安东尼·唐伯蒂斯,演员
3015,朴根禄,演员
3016,HarrySinclair,演员
3017,HankRobinson,演员
3018,艾莉森·洛曼,演员
3019,张丰毅,演员
3020,贾德·赫希,演员
3021,吉洁特,演员
3022,阿兰·霍华德,演员
3023,丹妮尔·布里瑟布瓦,演员
3024,拉杰夫·拉宾德拉纳特安,演员
3025,ItaliaCoppola,演员
3026,布莱恩·达西·詹姆斯,演员
3027,林雪,演员
3028,蒂姆·罗斯,演员
3029,库尔特·弗勒曼,演员
3030,罗莎琳·艾尔斯,演员
3031,蒂姆·格里芬,演员
3032,利迪娅·阿方西,演员
3033,林贤成,演员
3034,胡贝贝,演员
3035,迈克尔·阿登,演员
3036,堤真一,演员
3037,欧内斯特·博格宁,演员
3038,冈田将生,演员
3039,乔榛,演员
3040,约翰·瑞斯-戴维斯,演员
3041,奥罗拉·夸特罗基,演员
3042,马特·莱斯切尔,演员
3043,广濑铃,演员
3044,杰克·洛,演员
3045,菲利普·伯格,演员
3046,小形满,演员
3047,布鲁斯·威利斯,演员
3048,艾丹·奎因,演员
3049,马精武,演员
3050,威廉·菲克纳,演员
3051,罗伯特·哈珀,演员
3052,理查德·格雷弗斯,演员
3053,李永丰,演员
3054,加布里埃莱·拉维亚,演员
3055,李海滨,演员
3056,弗雷德里克·劳,演员
3057,P·J·伯恩,演员
3058,威廉姆·德瓦内,演员
3059,兰德·布鲁克斯,演员
3060,阿隆·麦克卡斯克,演员
3061,DanFoster,演员
3062,杰夫·赫普内尔,演员
3063,梅·克拉克,演员
3064,塔布,演员
3065,戴立忍,演员
3066,威廉姆·麦灵,演员
3067,瑞秋·卡帕尼,演员
3068,崔奎华,演员
3069,欧姆·普瑞,演员
3070,长嶝高士,演员
3071,亚历克丝·杰恩·高,演员
3072,杰米·福克斯,演员
3073,唐尼·沃尔伯格,演员
3074,肯·梁,演员
3075,迈克·马歇尔,演员
3076,伊克博·塞巴,演员
3077,乔·平格,演员
3078,DaveRastovich,演员
3079,凯文·麦克纳利,演员
3080,大卫·奥伊罗,演员
3081,伊万·麦克格雷格,演员
3082,熊欣欣,演员
3083,伊丽莎白·瑞根,演员
3084,乔尔·托贝克,演员
3085,克里斯·雷纳德,演员
3086,TimmyHawkins,演员
3087,伊桑·霍克,演员
3088,詹妮弗·提莉,演员
3089,尤金·奥斯门特,演员
3090,伊文娜·林奇,演员
3091,TomGallop,演员
3092,杰克·乔治,演员
3093,萨尔瓦多·雷耶斯,演员
3094,约翰·迈顿,演员
3095,托马斯·米切尔,演员
3096,乔恩·迈克尔·戴维斯,演员
3097,克里斯蒂安·瑞沃斯,演员
3098,克里斯托夫·高格勒,演员
3099,三浦贵大,演员
3100,约瑟夫·米卡-亨特,演员
3101,谷花音,演员
3102,康拉德·皮拉,演员
3103,迈克尔·D·科恩,演员
3104,汉尼斯·赫尔曼,演员
3105,王仕颖,演员
3106,詹姆斯·杜蒙特,演员
3107,苟杰德,演员
3108,陈梅生,演员
3109,史蒂文·科兹洛夫斯基,演员
3110,清水元,演员
3111,杰克尔·法尔斯特伦,演员
3112,赛尔乔·比尼·布斯特里克,演员
3113,伊莎贝尔·朱尔,演员
3114,毕克,演员
3115,小达蒙·韦恩斯,演员
3116,加藤有花,演员
3117,羽鸟慎一,演员
3118,詹姆斯·柯本,演员
3119,罗比·萨布莱特,演员
3120,于鼎,演员
3121,托尼亚·马尔多纳多,演员
3122,米切尔·马伦,演员
3123,乔纳森·吉尔,演员
3124,大原沙耶香,演员
3125,千叶繁,演员
3126,贾森·加里-斯坦福德,演员
3127,比利·鲍伯·松顿,演员
3128,帕特里克·赫辛格,演员
3129,郑知晓,演员
3130,尼古拉斯·丹尼尔·冈萨雷斯,演员
3131,郎雄,演员
3132,露琪亚·萨多,演员
3133,木村佑一,演员
3134,马修·戈尔德,演员
3135,尼坎德罗·托马斯,演员
3136,克林特·伊斯特伍德,演员
3137,宋在浩,演员
3138,拉斯·鲍威尔,演员
3139,大卫·豪森,演员
3140,芭芭拉·斯特潘斯基,演员
3141,米歇尔·威廉姆斯,演员
3142,德斯蒙德·杜布,演员
3143,比利·克鲁德普,演员
3144,莫瑞·史特林,演员
3145,蒋雯丽,演员
3146,格里芬·弗雷泽,演员
3147,刘天池,演员
3148,CharlesIrwin,演员
3149,吉姆·皮多克,演员
3150,名古屋章,演员
3151,弗农·多布切夫,演员
3152,乌尔里希·图库尔,演员
3153,埃帕莎·默克森,演员
3154,严志媛,演员
3155,曼迪·帕廷金,演员
3156,JeanneCoyne,演员
3157,安妮·海瑟薇,演员
3158,耿乐,演员
3159,胡军,演员
3160,马克斯·毛夫,演员
3161,梶冈润一,演员
3162,希芳·法隆,演员
3163,阿方索·弗里曼,演员
3164,艾伦·瑞克曼,演员
3165,霍尔迪·布鲁内特,演员
3166,哈里·S·杜鲁门,演员
3167,拉里·霍尔登,演员
3168,西蒙·法戈特,演员
3169,西村雅彦,演员
3170,沃尔顿·戈金斯,演员
3171,克拉克·盖博,演员
3172,陈凯师,演员
3173,施融,演员
3174,米尔斯·彼埃尔,演员
3175,元华,演员
3176,卡夏·斯穆特尼亚克,演员
3177,马特·格林伍德,演员
3178,岛本须美,演员
3179,苏岩,演员
3180,乔什·库雷,演员
3181,MartinDeluca,演员
3182,小栗香织,演员
3183,林青霞,演员
3184,RobertPollock,演员
3185,哈里逊·杨,演员
3186,帕特·哈蒙,演员
3187,赵雪莹,演员
3188,罗恩·帕金斯,演员
3189,费雯·丽,演员
3190,菲利丝·史密斯,演员
3191,佩内洛普·安·米勒,演员
3192,托马斯·蒂梅,演员
3193,莫妮卡·古布瑟,演员
3194,瑞贝卡·德·莫妮,演员
3195,友兰达·梦露,演员
3196,赫伯特·西古恩萨,演员
3197,远近孝一,演员
3198,迈克尔·康纳·亨弗里斯,演员
3199,凯德·麦拉德,演员
3200,柯林·麦克法兰,演员
3201,达蒙·冈普顿,演员
3202,杰斯·哈梅尔,演员
3203,肖恩·哈普,演员
3204,米切尔·利希藤斯坦,演员
3205,何文辉,演员
3206,宋康昊,演员
3207,伊芙·布伦特,演员
3208,乔·柯布登,演员
3209,史蒂芬·乌瑞,演员
3210,刘帅良,演员
3211,大竹忍,演员
3212,简·哈根,演员
3213,约瑟夫·史威尼,演员
3214,金正泰,演员
3215,林耀祺,演员
3216,彼得·舒鲁姆,演员
3217,梁小龙,演员
3218,丹尼尔·海尼,演员
3219,大卫·诺,演员
3220,布兰卡·马丁内斯,演员
3221,阿提拉·埃杰德,演员
3222,乔·哈特,演员
3223,巴里·朱利安,演员
3224,汉娜·弗林,演员
3225,吉娜·罗兰兹,演员
3226,安德鲁·塞伦,演员
3227,堤康久,演员
3228,爱资哈尔丁·穆罕默德·伊斯梅尔,演员
3229,王建新,演员
3230,埃莱娜·卡多纳,演员
3231,大卫·安,演员
3232,森崎温,演员
3233,南希·利内翰,演员
3234,元秋,演员
3235,保罗·麦克兰尼,演员
3236,马科森斯·珀林,演员
3237,巴哈·帕斯,演员
3238,楯隆子,演员
3239,白石绫乃,演员
3240,布赖恩·利比,演员
3241,JohnDodsworth,演员
3242,PhilDunham,演员
3243,PaulScardon,演员
3244,凯文·麦克基德,演员
3245,冯小刚,演员
3246,左小青,演员
3247,安贝尔·比蒂,演员
3248,丽贝卡·豪尔,演员
3249,饭塚昭三,演员
3250,西莫·莫加瓦扎,演员
3251,WalterLawrence,演员
3252,康纳·麦克雷斯,演员
3253,MaShaeAlderman,演员
3254,钱嘉乐,演员
3255,亨利·伯格曼,演员
3256,艾米·汉莫,演员
3257,陆树铭,演员
3258,岩本弘司,演员
3259,理查德·泰勒,演员
3260,艾伦·艾克哈特,演员
3261,詹姆斯·柯登,演员
3262,菲利普·塞默·霍夫曼,演员
3263,乔纳森·菲利普斯,演员
3264,冯克安,演员
3265,任达华,演员
3266,卡维塔帕蒂尔,演员
3267,露西·宝通,演员
3268,杰西卡·查斯坦,演员
3269,成奎安,演员
3270,伊尼戈·加斯特西,演员
3271,中国大陆,演员
3272,能登麻美子,演员
3273,马里奥·托迪斯科,演员
3274,阿彦·汗,演员
3275,伊势谷友介,演员
3276,古田信幸,演员
3277,泰瑞·佛瑞斯塔,演员
3278,约翰·塞纳迭姆博,演员
3279,雷汉,演员
3280,李善均,演员
3281,雨果·阿姆斯特朗,演员
3282,大家由祐子,演员
3283,多里·曼佐尔,演员
3284,凯·德利斯,演员
3285,MacInTalk,演员
3286,堀川仁,演员
3287,亚当·戈德堡,演员
3288,纳菲丝·贾法-穆罕默迪,演员
3289,大桥望美,演员
3290,樊光耀,演员
3291,菲利普·杜·詹纳兰德,演员
3292,里特奇·科斯特,演员
3293,安迪·瑟金斯,演员
3294,佐伊·克罗维兹,演员
3295,托林·撒切尔,演员
3296,李·阿斯奎斯-柯,演员
3297,曾江,演员
3298,达兰妮·弗鲁格,演员
3299,弗兰克·约翰·休斯,演员
3300,艾玛·朗,演员
3301,查理·哈纳,演员
3302,吉安卡尔洛·科森蒂诺,演员
3303,梅利莎·古德温,演员
3304,键本景子,演员
3305,马蒂亚斯·哈比希,演员
3306,杰弗里·泽布尼斯,演员
3307,理查德·达历山德罗,演员
3308,艾丽卡·约恩,演员
3309,安吉拉·加德纳,演员
3310,崔岷植,演员
3311,桂歌若,演员
3312,佩里·米尔沃德,演员
3313,爱德华·詹姆斯·奥莫斯,演员
3314,罗茜·汉丁顿-惠特莉,演员
3315,加布里埃尔·戈班,演员
3316,程淑艳,演员
3317,朴泰京,演员
3318,连姆·尼森,演员
3319,山姆·哈里斯,演员
3320,大久保正信,演员
3321,奥梅罗·安东努蒂,演员
3322,乔丹·长井,演员
3323,LuigiDeLuca,演员
3324,HardyJones,演员
3325,古川惠实子,演员
3326,连凯,演员
3327,反田孝幸,演员
3328,NoamMorgensztern,演员
3329,恩佐·卡拉瓦勒,演员
3330,费雷什特·萨拉班迪,演员
3331,辻村真人,演员
3332,阿利斯泰尔·布朗宁,演员
3333,丹尼·麦克布莱德,演员
3334,唐·麦克马纳斯,演员
3335,金·凯瑞,演员
3336,田中真弓,演员
3337,福松进纱,演员
3338,威廉姆·李·斯科特,演员
3339,NoelAppleby,演员
3340,梁田清之,演员
3341,HaraldWaiglein,演员
3342,简·达威尔,演员
3343,拉里·拉普,演员
3344,夏洛特·查顿,演员
3345,若昂·科斯塔·梅内塞斯,演员
3346,菲尔·塞尔维,演员
3347,卡西·阿弗莱克,演员
3348,亚美利哥·丰塔尼,演员
3349,里克·扬,演员
3350,富永美伊奈,演员
3351,克劳迪奥·阿方西,演员
3352,肖恩·沙利文,演员
3353,奥兰多·布鲁姆,演员
3354,利昂·波纳尔,演员
3355,别所哲也,演员
3356,田中要次,演员
3357,奥之矢佳奈,演员
3358,弗兰科·内罗,演员
3359,麦活·米泰尔,演员
3360,加里·西尼斯,演员
3361,阿方索·阿雷奥,演员
3362,克兰伦斯·威廉姆斯三世,演员
3363,邬君梅,演员
3364,卡明·卡里迪,演员
3365,杰洛·里佛斯,演员
3366,玛蒂尔德·皮亚纳,演员
3367,约翰·马奥尼,演员
3368,基思·艾伦,演员
3369,克里斯汀·韦格,演员
3370,王笑天,演员
3371,山村聪,演员
3372,瑞克·萨拉比亚,演员
3373,科瑞·雷诺兹,演员
3374,凯尔·麦克拉克伦,演员
3375,布拉德·道里夫,演员
3376,JanetShaw,演员
3377,雅克·贝汉,演员
3378,迈克尔·菲奥里,演员
3379,土屋安娜,演员
3380,塞巴斯蒂安·马尼斯科,演员
3381,高桥一生,演员
3382,迈克尔·延纳,演员
3383,原田知世,演员
3384,张垒,演员
3385,小山力也,演员
3386,弗罗里安·巴西奥罗麦,演员
3387,迈克尔·博尔顿,演员
3388,坂口健太郎,演员
3389,吕迪·勒努瓦,演员
3390,马克·施泰因迈尔,演员
3391,希拉·艾伦,演员
3392,王梓尘,演员
3393,马克·麦考利,演员
3394,沙尔曼·乔希,演员
3395,艾德·毕肖普,演员
3396,本·阿弗莱克,演员
3397,贾达·萍克·史密斯,演员
3398,里卡多·达林,演员
3399,蕾切儿·哈伍德,演员
3400,安东尼·德·马克,演员
3401,埃尔登·汉森,演员
3402,克洛德·佩隆,演员
3403,芙蕾达·平托,演员
3404,陈以文,演员
3405,朗贝尔·维尔森,演员
3406,圣·耶拉莫斯,演员
3407,AngeloPellegrino,演员
3408,克里斯托夫·梅兹-普莱瑟,演员
3409,大友伸,演员
3410,维品·沙尔马,演员
3411,杰米·钟,演员
3412,凯西·威尔逊,演员
3413,玛丽萨·帕雷德斯,演员
3414,迈克·克拉克·邓肯,演员
3415,瓦莱里奥·马斯坦德雷亚,演员
3416,弗兰克·梅德拉诺,演员
3417,田川洋行,演员
3418,陶传正,演员
3419,马克·斯特朗,演员
3420,科里·巴克,演员
3421,全美善,演员
3422,妮基·考克斯,演员
3423,蒂尼·桑福德,演员
3424,鲍勃·莫里西,演员
3425,帕迪·康斯戴恩,演员
3426,聂卓晶,演员
3427,卢卡斯·哈斯,演员
3428,洁米·斯贝勒·罗伯茨,演员
3429,木村凯拉,演员
3430,马克·迈尔斯,演员
3431,凯尔·杜拉,演员
3432,赫尔穆特·施奈德,演员
3433,弗兰克·威利,演员
3434,约瑟夫·劳格诺,演员
3435,南宝拉,演员
3436,哈罗德·G·赫瑟姆,演员
3437,J·D·埃弗摩尔,演员
3438,休·格兰特,演员
3439,尼基塔·卡兰姆,演员
3440,禹都临,演员
3441,特里特·威廉斯,演员
3442,蒂姆·科勒赫,演员
3443,B·J·诺瓦克,演员
3444,托马斯·布罗迪-桑斯特,演员
3445,戴维德·迪格斯,演员
3446,约瑟夫·梅泽罗,演员
3447,ErnieFlatt,演员
3448,片山萌美,演员
3449,诺伯特·魏塞尔,演员
3450,神代知衣,演员
3451,木村拓哉,演员
3452,DavidBair,演员
3453,卡罗琳·阿隆,演员
3454,铃木忠幸,演员
3455,丹尼尔·雷德克里夫,演员
3456,肖妮·史密斯,演员
3457,卡拉·西摩,演员
3458,唐·雷克,演员
3459,肯·马里诺,演员
3460,艾伦·图代克,演员
3461,安东尼·泽比,演员
3462,大卫·卡尔德,演员
3463,威廉·约翰逊,演员
3464,乔什·斯图沃特,演员
3465,卡尔·马图斯维奇,演员
3466,杰西·科尔蒂,演员
3467,姚橹,演员
3468,园部好德,演员
3469,林家栋,演员
3470,金志映,演员
3471,莫伊拉·凯利,演员
3472,高英轩,演员
3473,强尼·格林伍德,演员
3474,马龙·白兰度,演员
3475,艾伦·伯斯汀,演员
3476,科菲·斯里博伊,演员
3477,周星驰,演员
3478,刘燕瑾,演员
3479,佐仓绫音,演员
3480,土屋嘉男,演员
3481,约翰·马利,演员
3482,MaisyMcLeod-Riera,演员
3483,热拉尔·德帕迪约,演员
3484,马西娅·盖伊·哈登,演员
3485,伊凡·科尔,演员
3486,克莱特·惠特克,演员
3487,埃丽卡·麦基特里克,演员
3488,皮特·萨加尔,演员
3489,阿尔贝托·巴斯克斯,演员
3490,艾德·哈里斯,演员
3491,菲利普·努瓦雷,演员
3492,哈威·凯特尔,演员
3493,琳赛·邓肯,演员
3494,艾米·波勒,演员
3495,TianaBenjamin,演员
3496,PatConway,演员
3497,斯科特·威廉姆·文特斯,演员
3498,KarlBruckschwaiger,演员
3499,日高法子,演员
3500,王朔,演员
3501,丹尼尔·戴维斯,演员
3502,吴镇宇,演员
3503,平采娜·乐维瑟派布恩,演员
3504,矢原加奈子,演员
3505,布鲁斯·斯宾斯,演员
3506,杰瑞德·哈里斯,演员
3507,维尔·博登,演员
3508,BuckHoughton,演员
3509,弗朗西斯·X·麦卡蒂,演员
3510,寺杣昌纪,演员
3511,坦图·卡丁诺,演员
3512,肯尼斯·以色列,演员
3513,丁国琳,演员
3514,艾伯丝·戴维兹,演员
3515,陈辉虹,演员
3516,伊兰·古德曼,演员
3517,珍妮特·诺兰,演员
3518,杰克·塔尔登,演员
3519,EricFreeman,演员
3520,西尔莎·罗南,演员
3521,菲利斯·萨莫维尔,演员
3522,凯瑟琳·纽顿,演员
3523,殿山泰司,演员
3524,安妮卡·韦德科普,演员
3525,高木新平,演员
3526,小威廉·威谢尔,演员
3527,戴维·迈克尔·西尔弗曼,演员
3528,黄文捷,演员
3529,兴梠里美,演员
3530,拉加·戈帕尔·耶尔,演员
3531,迈克尔·伯吉斯,演员
3532,盐屋翼,演员
3533,迈克尔·爱默生,演员
3534,爱利克·赫尔曼,演员
3535,迈克尔·英塞恩,演员
3536,高保成,演员
3537,杰拉丁·萨莫维尔,演员
3538,天海祐希,演员
3539,大卫·卡耶,演员
3540,迪布拉·穆尼,演员
3541,皮埃尔·柯芬,演员
3542,金胤成,演员
3543,汉娜·乔恩-卡门,演员
3544,克雷格·沃克,演员
3545,MoritzGrove,演员
3546,刘广宁,演员
3547,艾萨克·安德鲁斯,演员
3548,乔恩·索特兰,演员
3549,博曼·伊拉尼,演员
3550,SteffiDuna,演员
3551,丁建华,演员
3552,崔钟律,演员
3553,玉井夕海,演员
3554,埃茜·戴维斯,演员
3555,奥莎娜·阿金什那,演员
3556,丹尼尔C.斯瑞派克,演员
3557,豪尔赫·莱昂·马丁内斯,演员
3558,彼得·穆兰,演员
3559,艾尔·勒提埃里,演员
3560,迈克·哈顿,演员
3561,弗雷德·谢威勒,演员
3562,朱莉·内桑森,演员
3563,保罗·梅塞,演员
3564,罗美兰,演员
3565,大卫·克莱德,演员
3566,伊迪·麦克勒格,演员
3567,菲利普·麦格雷德,演员
3568,迈克尔·凯恩,演员
3569,拉什·费加,演员
3570,吴孟达,演员
3571,哈里·达文波特,演员
3572,伦纳德米迪,演员
3573,高木均,演员
3574,彼得·德·席尔瓦,演员
3575,井上喜久子,演员
3576,罗杰·科曼,演员
3577,托马斯·巴布萨卡,演员
3578,比尔·默瑞,演员
3579,伊莱耶斯·加贝尔,演员
3580,乔·曼宁,演员
3581,大卫·埃伯利斯,演员
3582,C.奥布雷·史密斯,演员
3583,马修·奥尼尔,演员
3584,郭易峰,演员
3585,山姆·洛克威尔,演员
3586,多布杰,演员
3587,宇垣秀成,演员
3588,罗伯特·奥斯本,演员
3589,乔雅·福克斯,演员
3590,矢田稔,演员
3591,卢克·霍普,演员
3592,倪大红,演员
3593,阿拉·乔什涅,演员
3594,PippoProvvidenti,演员
3595,威廉·达福,演员
3596,本杰明·拉特纳,演员
3597,哈利·戴恩·斯坦通,演员
3598,普佩拉·玛奇奥,演员
3599,乔·佩西,演员
3600,约翰·麦克因泰,演员
3601,卡兰·麦克奥利菲,演员
3602,蒂姆·布雷克·尼尔森,演员
3603,杰米·威莱特,演员
3604,安德烈亚斯·弗龙克,演员
3605,希·庞德,演员
3606,阿尔·欧内斯特·加西亚,演员
3607,席尔帕.舒克拉,演员
3608,斯汀,演员
3609,TanveerK.Atwal,演员
3610,盐见三省,演员
3611,奥利维亚·田內,演员
3612,杰克·安杰尔,演员
3613,梅利莎·乔治,演员
3614,JonathanMangum,演员
3615,保拉·布鲁布尼,演员
3616,山本兼平,演员
3617,马特·达蒙,演员
3618,井之胁海,演员
3619,夏川结衣,演员
3620,艾恩·格拉法德,演员
3621,奥德雷·弗勒罗,演员
3622,德井优,演员
3623,雷纳德·洛塞特,演员
3624,丹尼·曼恩,演员
3625,齐·麦克布赖德,演员
3626,伊安·沃尔夫,演员
3627,约翰·斯洛斯,演员
3628,萧亚轩,演员
3629,迪基·奥尔加多,演员
3630,夏萍,演员
3631,本·弗兰舍姆,演员
3632,车光洙,演员
3633,弗兰西丝·奥康纳,演员
3634,梅娜·马里克,演员
3635,克莱顿·华生,演员
3636,加塔姆·贝鲁尔,演员
3637,小杉正一,演员
3638,拉尔夫·费因斯,演员
3639,宋智孝,演员
3640,刘小宁,演员
3641,邱岳峰,演员
3642,瑞秋·哈里斯,演员
3643,卡尔利斯·布克,演员
3644,马拉·苏查雷特扎,演员
3645,伊瑟尔·布罗萨德,演员
3646,SaveriaMazzola,演员
3647,约翰·卡西尼,演员
3648,纳塔莉·特珍,演员
3649,安德鲁·莱斯尼,演员
3650,能年玲奈,演员
3651,宋茹惠,演员
3652,安东尼·博金斯,演员
3653,阿米尔·汗,演员
3654,伊恩·布罗茨基,演员
3655,艾莉克丝摩尔,演员
3656,哈里·斯塔布斯,演员
3657,安德鲁·斯科特,演员
3658,阿那托利·萨加洛维奇,演员
3659,布里吉特·芳达,演员
3660,道格·休切逊,演员
3661,黎明,演员
3662,罗德尼·库克,演员
3663,LouisZorich,演员
3664,PatriciaRae,演员
3665,玛丽亚·冯·特拉普,演员
3666,汤姆·康威,演员
3667,西蒙·伍兹,演员
3668,马丁·伊斯特,演员
3669,高阳,演员
3670,杜可风,演员
3671,罗曼·科波拉,演员
3672,莫娜·辛格,演员
3673,赵文卓,演员
3674,弗兰克·贝克,演员
3675,冯国强,演员
3676,沙恩·朗吉,演员
3677,艾斯特·加瑞尔,演员
3678,丽塔·科尔泰塞,演员
3679,BretA.Arnold,演员
3680,江约诚,演员
3681,石田光子,演员
3682,王福,演员
3683,王堃,演员
3684,安吉洛·迪洛雷塔,演员
3685,马修·麦克格罗里,演员
3686,泽田谦也,演员
3687,约什·汉密尔顿,演员
3688,PaulHolmes,演员
3689,郭度沅,演员
3690,马科斯·卡锡,演员
3691,贾登·史密斯,演员
3692,温翠苹,演员
3693,尼克·瑟西,演员
3694,肯纳G.肯普,演员
3695,艾丽·范宁,演员
3696,里尼·贝尔,演员
3697,哈特利·鲍尔,演员
3698,杜汶泽,演员
3699,约翰·达根,演员
3700,詹妮弗·加纳,演员
3701,凯文·德·拉·诺伊,演员
3702,保罗·伊丁,演员
3703,克劳迪·布莱克利,演员
3704,玛格丽塔·莫菲诺,演员
3705,黄霑,演员
3706,J·K·西蒙斯,演员
3707,田野惠,演员
3708,罗伯特·泰勒,演员
3709,汤姆·古德曼-希尔,演员
3710,珍娜·劳伦索,演员
3711,田中祥平,演员
3712,山姆·安德森,演员
3713,约书亚·麦基弗,演员
3714,威廉·鲍尔斯,演员
3715,姜武,演员
3716,詹妮特·蒙哥马利,演员
3717,艾恩·贝利,演员
3718,米歇尔·埃文斯,演员
3719,布尔·斯蒂尔斯,演员
3720,杨彤林,演员
3721,丹尼尔·逊亚塔,演员
3722,HarryAllen,演员
3723,丁羽,演员
3724,FriederVenus,演员
3725,詹姆斯·科兹莫,演员
3726,阿迪勒·侯赛因,演员
3727,山口智子,演员
3728,朴真珠,演员
3729,罗伯特·科瓦吕比亚,演员
3730,科林·斯廷顿,演员
3731,斯塔尔勒塔·杜波利斯,演员
3732,斯科特·乔尔·吉兹基,演员
3733,筒井康隆,演员
3734,安娜-莱娜·布伦丁,演员
3735,赵铭,演员
3736,江原正士,演员
3737,明妮·德里弗,演员
3738,山崎一,演员
3739,奈良柚莉爱,演员
3740,凯瑟琳·泽塔-琼斯,演员
3741,杨同顺,演员
3742,理查德·吴,演员
3743,远藤宪一,演员
3744,TomRiisFarrell,演员
3745,马克·瑞安,演员
3746,罗宾·马尔科姆,演员
3747,迈克·马斯喀特,演员
3748,XeniaKalogeropoulou,演员
3749,多米尼克·莫纳汉,演员
3750,狄迪尔·弗拉蒙,演员
3751,江川央生,演员
3752,梅根·爱德华兹,演员
3753,长泽雅美,演员
3754,娜塔莉·波特曼,演员
3755,祖德·塞克利拉,演员
3756,斯科特·麦克纳里,演员
3757,杰弗里·奈特,演员
3758,埃德·斯托帕德,演员
3759,法迪·尤瑟夫,演员
3760,郑镇荣,演员
3761,片桐入,演员
3762,娜塔丽·科尔多瓦,演员
3763,韦尔达·布里奇斯,演员
3764,郑希怡,演员
3765,柊瑠美,演员
3766,阿妮妲·扎格利亚,演员
3767,马丁·布拉姆马赫,演员
3768,MichaelEliopoulos,演员
3769,博比·巴伯,演员
3770,查尔斯·A·坦伯罗,演员
3771,科林·帕特里克·林奇,演员
3772,梁冬,演员
3773,劳拉·帕克,演员
3774,普里德拉格·比耶拉克,演员
3775,VinScully,演员
3776,米莉·戴维斯,演员
3777,彼得·杰克逊,演员
3778,乔什·哈奈特,演员
3779,乔什·赫德曼,演员
3780,莱雅·卡里恩斯,演员
3781,PaulDavies,演员
3782,卡斯·莱蒙斯,演员
3783,凯琳·布瑞特科夫,演员
3784,坂本龙一,演员
3785,理查德·赫德曼,演员
3786,马赫沙拉·阿里,演员
3787,龙田直树,演员
3788,洛克兰·艾肯,演员
3789,德博拉·麦克蒂尔,演员
3790,萨曼塔·马霍林,演员
3791,堀胜之祐,演员
3792,内山昂辉,演员
3793,加里·A·赫克,演员
3794,梁朝伟,演员
3795,卡拉·贝尔韦尔,演员
3796,章宇,演员
3797,娜丁·拉巴基,演员
3798,玛丽昂·歌迪亚,演员
3799,斯加特曼·克罗索斯,演员
3800,约翰·浩克斯,演员
3801,康奈尔·韦斯特,演员
3802,刘嘉玲,演员
3803,午马,演员
3804,古列雷莫·迪亚兹,演员
3805,西奥沙福瓦,演员
3806,查尔斯·丹斯,演员
3807,艾伦·吉福德,演员
3808,JohnAlbright,演员
3809,崔代勋,演员
3810,迪克·卡维特,演员
3811,理查·基尔,演员
3812,进藤尚美,演员
3813,AntonellaElia,演员
3814,三木真一郎,演员
3815,金义城,演员
3816,伊莎贝尔·奥特曼,演员
3817,杰西卡·兰格,演员
3818,邓一君,演员
3819,DanMaxwell,演员
3820,周一围,演员
3821,蔡鸿翔,演员
3822,风吹淳,演员
3823,萨谢·英吉尼尔,演员
3824,IanHughes,演员
3825,GeorgeKirby,演员
3826,李姃垠,演员
3827,阿道夫·希特勒,演员
3828,杰森·霍顿,演员
3829,埃里克·罗伯茨,演员
3830,GailBonney,演员
3831,上田吉二郎,演员
3832,汤姆·加洛普,演员
3833,维比什·希瓦库玛,演员
3834,波拉·庞德斯通,演员
3835,劳拉·琳妮,演员
3836,阿瑟·比勒,演员
3837,尼尔·雷梅特,演员
3838,刘镇伟,演员
3839,金妮弗·古德温,演员
3840,蒂尔达·斯文顿,演员
3841,查尔敏·卡尔,演员
3842,迈克尔·赫希,演员
3843,崔正贤,演员
3844,彼特·丁拉基,演员
3845,胜沼纪义,演员
3846,英达,演员
3847,小伊塞亚·维特洛克,演员
3848,罗宾·阿特金·唐斯,演员
3849,莉莲·奈福,演员
3850,理查德·劳斯伯格,演员
3851,查特里娜·拉松,演员
3852,辰己努,演员
3853,郑秀文,演员
3854,布丽姬·穆娜,演员
3855,剧团一人,演员
3856,本·贝尔特,演员
3857,马修·夏普,演员
3858,RobertCatto,演员
3859,玛西娅·让·库尔茨,演员
3860,索菲亚·伊斯皮诺萨,演员
3861,贝拉·费斯彼姆,演员
3862,保罗·普雷博伊斯特,演员
3863,李星民,演员
3864,丹尼·格洛弗,演员
3865,丹尼尔·布鲁赫,演员
3866,金士杰,演员
3867,KseniaJarova,演员
3868,格雷厄姆·格林,演员
3869,加里·洛克伍德,演员
3870,小罗伊·琼斯,演员
3871,裴魁山,演员
3872,彼得·布罗科,演员
3873,夏雨,演员
3874,基隆·埃利奥特,演员
3875,约翰·斯蒂芬森,演员
3876,安吉拉珂·曼蒂,演员
3877,马丁·弗瑞曼,演员
3878,阿尔伯特·芬尼,演员
3879,艾丽西亚·瑞特,演员
3880,弗兰基·费森,演员
3881,三浦浩一,演员
3882,加布里埃尔·瑞丝,演员
3883,AnntonBerryJr.,演员
3884,MargaretEginton,演员
3885,何赛飞,演员
3886,广濑正志,演员
3887,张艾嘉,演员
3888,阿曼达·布鲁盖尔,演员
3889,罗伊·辛尼斯,演员
3890,罗伯特·哈迪,演员
3891,FrankWhitbeck,演员
3892,八千草薰,演员
3893,杰克·达文波特,演员
3894,罗布·兰德里,演员
3895,闵孝琳,演员
3896,埃里克·约翰逊,演员
3897,张华,演员
3898,卡尔文·C·温布什,演员
3899,加里·库尔茨,演员
3900,威廉·弗西斯,演员
3901,格利高里·派克,演员
3902,布雷南·布朗,演员
3903,维克图瓦尔·杜布瓦,演员
3904,罗伯特·帕特里克,演员
3905,凯西·贝克,演员
3906,尼克·诺特,演员
3907,杰夫·劳勒,演员
3908,乔·莫顿,演员
3909,拉菲·斯波,演员
3910,里奥·故罗塔,演员
3911,德拉·萨巴,演员
3912,吉米·米斯特雷,演员
3913,约翰·安德森,演员
3914,JanetWaldo,演员
3915,旺妲·卡布里奥罗,演员
3916,卡洛尔·奈,演员
3917,博鲁瓦蒂夫·特雷杰·班科尔,演员
3918,岛崎信长,演员
3919,布莱恩·克辛格,演员
3920,昆林·艾格匹,演员
3921,恩里奇·雷德曼,演员
3922,菲利普·格里夫,演员
3923,苏珊娜·洛塔尔,演员
3924,艾玛·斯通,演员
3925,杰森·麦金农,演员
3926,朴明申,演员
3927,阿尔·卡尔德隆,演员
3928,阿贝·维高达,演员
3929,迭戈·卢纳,演员
3930,丹尼·皮尔斯,演员
3931,赵梓彤,演员
3932,安东尼·拉普,演员
3933,隆巴多·博伊尔,演员
3934,白承焕,演员
3935,入野自由,演员
3936,关弘子,演员
3937,亨利·莫腾森,演员
3938,克里斯·兰金,演员
3939,金田朋子,演员
3940,土井美加,演员
3941,吴君如,演员
3942,任珈锐,演员
3943,肯尼思·洛纳根,演员
3944,罗切尔·罗斯,演员
3945,于尔班·康塞利埃,演员
3946,城桧吏,演员
3947,理查德·麦瑟森,演员
3948,奥黛丽·塔图,演员
3949,新山志保,演员
3950,SalvatoreMartino,演员
3951,罗杰·克莱格·史密斯,演员
3952,费振翔,演员
3953,吉塔·雷迪,演员
3954,苏菲·玛索,演员
3955,佩内洛普·威尔顿,演员
3956,布赖恩·斯特帕尼克,演员
3957,加濑亮,演员
3958,长岛一茂,演员
3959,芮妮·维克托,演员
3960,露西娅·莫尼斯,演员
3961,谢发丽·裘德胡里,演员
3962,志田未来,演员
3963,张震,演员
3964,托马斯·马里亚诺,演员
3965,汤姆·贝伦杰,演员
3966,丹·卡斯泰兰尼塔,演员
3967,诺曼·凯茨,演员
3968,吉莉·西蒙,演员
3969,乔治·坎塔里尼,演员
3970,路易·多伊尔,演员
3971,中村彰男,演员
3972,北林谷荣,演员
3973,津岛惠子,演员
3974,宋永彰,演员
3975,唐语谦,演员
3976,张育邦,演员
3977,阿勒隆·鲁杰罗,演员
3978,尊龙,演员
3979,詹姆斯·霍西,演员
3980,埃达·英格薇,演员
3981,阿比·丽,演员
3982,塞缪尔·杰克逊,演员
3983,边熙峰,演员
3984,梁正晖,演员
3985,大卫·博维尔,演员
3986,理查德·康特,演员
3987,鹫尾真知子,演员
3988,永井一郎,演员
3989,安东尼·希尔德,演员
3990,比尔·哈德尔,演员
3991,金·多诺万,演员
3992,韩成天,演员
3993,让-保罗·博奈雷,演员
3994,黄一飞,演员
3995,乔纳森·赫尔南德斯,演员
3996,汉娜·豪尔,演员
3997,朱自清,演员
3998,文·瑞姆斯,演员
3999,倍赏千惠子,演员
4000,马克·莱昂纳蒂,演员
4001,伊恩·安东尼·代尔,演员
4002,拉斯科·阿特金斯,演员
4003,吉尔克里斯特·斯图尔特,演员
4004,郑满植,演员
4005,克拉克·彼得斯,演员
4006,凯瑟·斯内德,演员
4007,诺曼·安斯利,演员
4008,西蒙·奥克兰,演员
4009,泰隆·鲍华,演员
4010,雨果·维文,演员
4011,琳恩·史密斯,演员
4012,彼得·阿佩尔,演员
4013,洛丽·理查德森,演员
4014,李兆基,演员
4015,郑贤俊,演员
4016,陈庆航,演员
4017,伍娜·戴蒙,演员
4018,桑尼·施罗耶,演员
4019,埃迪·琼斯,演员
4020,钟丽缇,演员
4021,荒川良良,演员
4022,寺濑今日子,演员
4023,神山卓三,演员
4024,尼基·诺瓦克,演员
4025,马科·阿桑特,演员
4026,卢克·佩格勒,演员
4027,连晋,演员
4028,区亨利,演员
4029,尼尔·萨默斯,演员
4030,郑有美,演员
4031,刘斌,演员
4032,InezGorman,演员
4033,中山美穗,演员
4034,西里尔·伯尔尼科特,演员
4035,山口诗史,演员
4036,黛安·基顿,演员
4037,岳小军,演员
4038,孙靖,演员
4039,约翰·库宁汉姆,演员
4040,米歇尔·莫多,演员
4041,阿如那,演员
4042,苏珊·林奇,演员
4043,黄健玮,演员
4044,吴启华,演员
4045,马克·罗斯顿,演员
4046,丹尼斯·W·霍尔,演员
4047,小林优子,演员
4048,BennyGolson,演员
4049,塔克·吉莫尔,演员
4050,西格妮·韦弗,演员
4051,安德列·艾席蒙,演员
4052,YotaArgyropoulou,演员
4053,达席尔·萨法瑞,演员
4054,袁丁,演员
4055,阿图·斯里瓦斯塔瓦,演员
4056,钟楚红,演员
4057,约瑟芬·白内斯,演员
4058,张国荣,演员
4059,中村久美,演员
4060,王伟顺,演员
4061,金弘波,演员
4062,泰勒.安.汤普森,演员
4063,阿罗拉·凯瑟琳·史密斯,演员
4064,桥本爱,演员
4065,IanCampbell,演员
4066,艾莉·布莱恩特,演员
4067,金相浩,演员
4068,张海艳,演员
4069,乔治·马奎尔,演员
4070,劳伦斯·菲什伯恩,演员
4071,玛格·阿夫里尔,演员
4072,朱塞佩·巴蒂斯通,演员
4073,杰森·亚历山大,演员
4074,爱尔莎·兰切斯特,演员
4075,朱塞佩·苏尔法罗,演员
4076,丸山凯伦,演员
4077,张光,演员
4078,亚当·肖,演员
4079,罗薇娜·戴蒙德,演员
4080,徐永嬅,演员
4081,路易莎·莫里茨,演员
4082,伊藤实,演员
4083,克里斯托弗·马克斯韦尔,演员
4084,韦斯·本特利,演员
4085,保罗·吉亚玛提,演员
4086,泰·孔西利奥,演员
4087,美轮明宏,演员
4088,艾丹·吉伦,演员
4089,尼古拉斯·凯奇,演员
4090,矢野显子,演员
4091,巴瑞·哈姆弗莱斯,演员
4092,安迪·加西亚,演员
4093,李顺载,演员
4094,法妮·布雷特,演员
4095,汉诺·波西尔,演员
4096,瑞安·克茨纳,演员
4097,富冠铭,演员
4098,谢恩·辛努特科,演员
4099,里德·彭尼,演员
4100,丽贝卡·因德穆,演员
4101,肖恩·菲茨吉本,演员
4102,杰克·罗思,演员
4103,本诺·施特岑巴赫,演员
4104,LauraLyons,演员
4105,海莉·乔安妮·培根,演员
4106,丽塔·卡莱尔,演员
4107,严孝燮,演员
4108,詹姆斯·恩布里,演员
4109,罗芸,演员
4110,孔刘,演员
4111,艾伦·李,演员
4112,浅井淑子,演员
4113,阿萨·巴特菲尔德,演员
4114,布尔维尔,演员
4115,郭涛,演员
4116,李治廷,演员
4117,苏秀,演员
4118,乔西·特立尼达,演员
4119,玛琳·黛德丽,演员
4120,萨沙·斯皮尔伯格,演员
4121,新井浩文,演员
4122,道格拉斯·伍德,演员
4123,卡罗琳·皮克曼,演员
4124,朱塞佩·托纳多雷,演员
4125,安古斯·麦克菲登,演员
4126,金相庆,演员
4127,凯特·玛拉,演员
4128,詹妮特·海因,演员
4129,休·罗斯,演员
4130,达科塔·范宁,演员
4131,艾利奥特·佩吉,演员
4132,塔奈·切赫达,演员
4133,保罗·卡利尼,演员
4134,张学友,演员
4135,弗朗西斯·德·拉·图瓦,演员
4136,伯恩·戈曼,演员
4137,J·M·克里根,演员
4138,沃尔特·詹姆斯,演员
4139,初井言荣,演员
4140,刘桦,演员
4141,鲁奇娅·伯纳德,演员
4142,凯思琳·拜荣,演员
4143,希瑟·孟席斯-尤里克,演员
4144,丹尼·文森,演员
4145,罗伯特·帕丁森,演员
4146,DestinyBrownridge,演员
4147,彼得·奥图尔,演员
4148,AlexandraAstin,演员
4149,威廉姆·H·梅西,演员
4150,肯·道里欧,演员
4151,斯科特·费恩斯特罗姆,演员
4152,珍尼希斯·罗德里格兹,演员
4153,萨德文·布罗菲,演员
4154,迪克·戈登,演员
4155,张同祖,演员
4156,佩蒂塔·维克斯,演员
4157,洪其德,演员
4158,格特鲁德·阿斯特,演员
4159,泰德·拉文,演员
4160,埃尔尼·曼戈尔德,演员
4161,邦尼·亨特,演员
4162,雪拉·渥德,演员
4163,陶虹,演员
4164,布鲁斯·霍普金斯,演员
4165,杜桑恩·杜基齐,演员
4166,MariaCarta,演员
4167,米兰达·奥图,演员
4168,阿尔多,演员
4169,凯瑞-安·莫斯,演员
4170,保罗·梅森,演员
4171,维尔·梅里克,演员
4172,雅克·萨布隆,演员
4173,张欣,演员
4174,杰弗里·布莱克,演员
4175,菲尔·约翰斯顿,演员
4176,杜安·蔡斯,演员
4177,今井麻美,演员
4178,斯盖拉·阿斯丁,演员
4179,SvilenaKidess,演员
4180,萨姆·弗林特,演员
4181,肯尼斯·崔,演员
4182,池水通洋,演员
4183,鲁伯特·格林特,演员
4184,韩冬,演员
4185,柯素云,演员
4186,比尔·扬,演员
4187,汉内洛勒·霍格,演员
4188,贝塔尼·维特莫尔,演员
4189,文森佐·尼克力,演员
4190,胡大为,演员
4191,索尼娅·布拉加,演员
4192,凯文·康诺利,演员
4193,彼得·道博森,演员
4194,戴夫·帕特尔,演员
4195,杰里米·西奥伯德,演员
4196,小杉义男,演员
4197,加藤治子,演员
4198,WilliamHamel,演员
4199,地亚哥·詹蒂莱,演员
4200,埃里克·安德伍德,演员
4201,村野友希,演员
4202,比尔·努恩,演员
4203,伊斯雷尔·鲁兹,演员
4204,吴淑琨,演员
4205,杰拉德·巴特勒,演员
4206,杰克·布莱克,演员
4207,瑞奇·摩尔,演员
4208,迈克尔·格伯,演员
4209,陈湘琪,演员
4210,弗朗切斯科·克莱门特,演员
4211,渡边哲,演员
4212,杨奇雨,演员
4213,乔治·普林普顿,演员
4214,米歇尔·莫纳汉,演员
4215,凯文·迪特斯,演员
4216,潘迪华,演员
4217,SuanneSpoke,演员
4218,玛丽·吉布斯,演员
4219,詹姆斯·肯恩,演员
4220,让-巴蒂斯特·莫尼耶,演员
4221,萨曼萨·罗根,演员
4222,迪克·安东尼·威廉姆斯,演员
4223,皱缇格,演员
4224,纪录片,类型
4225,音乐,类型
4226,同性,类型
4227,喜剧,类型
4228,life-is-fruity.com,类型
4229,汉语普通话,类型
4230,历史,类型
4231,动作,类型
4232,情色,类型
4233,爱情,类型
4234,歌舞,类型
4235,惊悚,类型
4236,冒险,类型
4237,犯罪,类型
4238,古装,类型
4239,家庭,类型
4240,传记,类型
4241,武侠,类型
4242,奇幻,类型
4243,动画,类型
4244,剧情,类型
4245,灾难,类型
4246,儿童,类型
4247,科幻,类型
4248,运动,类型
4249,战争,类型
4250,恐怖,类型
4251,悬疑,类型
4252,西部,类型
,,